time	V(out)	V(out2)	V(n001)
0.000000000000000e+00	1.827288504457161e-06	2.320781194594742e-06	1.440449728211245e-05
2.000000000000000e-10	7.699433573491952e-05	7.718396482070790e-05	4.493414761824738e-03
4.000000000000001e-10	3.400685550119645e-04	3.424631365241799e-04	7.852170931440815e-03
6.000000000000001e-10	8.811111173909367e-04	8.839916057842821e-04	9.205757387771305e-03
8.000000000000001e-10	1.735609670433145e-03	1.740683072694458e-03	8.336196955245435e-03
1.000000000000000e-09	2.814688472551753e-03	2.819239833809983e-03	5.340180109073245e-03
1.200000000000000e-09	3.970498636984275e-03	3.975390915708228e-03	1.053155066079818e-03
1.400000000000000e-09	4.972745231354510e-03	4.974833180863047e-03	-3.562779124315369e-03
1.600000000000000e-09	5.622477157586304e-03	5.622738811904904e-03	-7.254517393383860e-03
1.800000000000000e-09	5.746732139873512e-03	5.742681503576465e-03	-9.215790785392006e-03
2.000000000000001e-09	5.293355716229366e-03	5.287014297324692e-03	-8.845747705111151e-03
2.200000000000000e-09	4.295809282522239e-03	4.285944203114807e-03	-6.340138104847279e-03
2.400000000000000e-09	2.919330076888266e-03	2.909130048289152e-03	-2.207779588319540e-03
2.600000000000001e-09	1.367819920638546e-03	1.356888082152317e-03	2.446237390084337e-03
2.800000000000000e-09	-9.702024056305842e-05	-1.051972292169826e-04	6.568342781317550e-03
3.000000000000000e-09	-1.274658086859225e-03	-1.280797637053084e-03	9.022278728768535e-03
3.200000000000001e-09	-2.017211891689832e-03	-2.018748776514377e-03	9.302243411997977e-03
3.400000000000001e-09	-2.310475950696305e-03	-2.309413982891184e-03	7.223035402166990e-03
3.600000000000001e-09	-2.219940562237079e-03	-2.215075555307922e-03	3.398335674934012e-03
3.800000000000001e-09	-1.921089857827141e-03	-1.915497408309388e-03	-1.337419296765187e-03
4.000000000000001e-09	-1.598770469052596e-03	-1.591803923023093e-03	-5.707915268479662e-03
4.200000000000000e-09	-1.448916868282663e-03	-1.443559515653101e-03	-8.736744137510306e-03
4.400000000000001e-09	-1.576157070762308e-03	-1.571107284295472e-03	-9.554255008556748e-03
4.600000000000001e-09	-2.012765315535737e-03	-2.009943764452117e-03	-8.063706856743701e-03
4.800000000000001e-09	-2.660178238617822e-03	-2.657137070399003e-03	-4.526047593939250e-03
5.000000000000001e-09	-3.370073104320720e-03	-3.367805407744744e-03	1.065689700626753e-04
5.200000000000001e-09	-3.917310798068901e-03	-3.912926658542926e-03	4.784117054022178e-03
5.400000000000001e-09	-4.119321030081788e-03	-4.113967506593891e-03	8.244841603641967e-03
5.600000000000001e-09	-3.828284641463056e-03	-3.819867238179179e-03	9.725570419280379e-03
5.800000000000001e-09	-3.026285610177197e-03	-3.017145555720602e-03	8.749450693156148e-03
6.000000000000001e-09	-1.780454144777252e-03	-1.769794509273451e-03	5.652342670311346e-03
6.200000000000001e-09	-2.841329051341084e-04	-2.753279664299826e-04	1.081996697523453e-03
6.400000000000001e-09	1.233009266229968e-03	1.240239005056963e-03	-3.716675022305027e-03
6.600000000000001e-09	2.511270249316417e-03	2.513732213242923e-03	-7.660046935151321e-03
6.800000000000001e-09	3.372170581744900e-03	3.370929154394963e-03	-9.678705980048172e-03
7.000000000000001e-09	3.697457113573364e-03	3.690582712385823e-03	-9.354362883576701e-03
7.200000000000002e-09	3.516009624879933e-03	3.506017031648288e-03	-6.658420086505732e-03
7.400000000000001e-09	2.938332606853022e-03	2.924646281195091e-03	-2.358782573832356e-03
7.600000000000002e-09	2.174664949842100e-03	2.160740088511476e-03	2.603952366383991e-03
7.800000000000002e-09	1.438464158395070e-03	1.424110160953683e-03	6.888549080115125e-03
8.000000000000002e-09	9.363782627045592e-04	9.247665831341890e-04	9.539136014798364e-03
8.200000000000001e-09	7.716906818836320e-04	7.617767158269774e-04	9.778178072350929e-03
8.400000000000001e-09	9.645139007966484e-04	9.582309165713248e-04	7.646345406175302e-03
8.600000000000001e-09	1.402370612888226e-03	1.397419672821705e-03	3.554005769628031e-03
8.800000000000001e-09	1.917282298835335e-03	1.914602974470946e-03	-1.384017981690545e-03
9.000000000000001e-09	2.282851304939686e-03	2.279688889871814e-03	-6.052241850165683e-03
9.200000000000001e-09	2.322613281849283e-03	2.320040051488954e-03	-9.188728100735157e-03
9.400000000000001e-09	1.909241903991504e-03	1.905210935956204e-03	-1.011577420972095e-02
9.600000000000002e-09	1.048242639909118e-03	1.044872542362989e-03	-8.486681700905930e-03
9.800000000000002e-09	-1.673036264047520e-04	-1.709197139607160e-04	-4.794209202023743e-03
1.000000000000000e-08	-1.522533427808422e-03	-1.523378992777043e-03	1.514821168351953e-04
1.020000000000000e-08	-2.784076424264273e-03	-2.782626838341394e-03	5.028279279788560e-03
1.040000000000000e-08	-3.704233085810317e-03	-3.697739391944767e-03	8.736763194499460e-03
1.060000000000000e-08	-4.124702775484500e-03	-4.114562878251277e-03	1.024050108068546e-02
1.080000000000000e-08	-3.971271386977534e-03	-3.956173440005607e-03	9.267019343269655e-03
1.100000000000000e-08	-3.315111550647387e-03	-3.298021496326540e-03	5.940267561717849e-03
1.120000000000000e-08	-2.308661122534997e-03	-2.289628613595730e-03	1.173862713564599e-03
1.140000000000000e-08	-1.198733020458527e-03	-1.181503304280038e-03	-3.954813157766853e-03
1.160000000000000e-08	-2.157563661958482e-04	-2.004433706242370e-04	-8.072780062878669e-03
1.180000000000000e-08	4.325674337647795e-04	4.429217488352988e-04	-1.025684555518633e-02
1.200000000000000e-08	6.593687964811777e-04	6.658884427699450e-04	-9.858942059809146e-03
1.220000000000000e-08	4.676937709030177e-04	4.688655303625842e-04	-7.063760313775833e-03
1.240000000000000e-08	-3.122066912669492e-06	-4.740456703741373e-06	-2.451394260298546e-03
1.260000000000000e-08	-5.627641275533035e-04	-5.676031517425048e-04	2.739363828661408e-03
1.280000000000000e-08	-9.731318356330105e-04	-9.781838575443809e-04	7.323248740544462e-03
1.300000000000000e-08	-1.058905566279404e-03	-1.064811941877962e-03	1.006194205898220e-02
1.320000000000000e-08	-7.065381429103727e-04	-7.111275611686077e-04	1.037075718293030e-02
1.340000000000000e-08	5.733569924678764e-05	5.226523816228652e-05	8.060488344746665e-03
1.360000000000000e-08	1.116110396473920e-03	1.111557035006569e-03	3.795009687362444e-03
1.380000000000000e-08	2.243957714777049e-03	2.237323254368697e-03	-1.483585009293498e-03
1.400000000000000e-08	3.204654761891738e-03	3.196672237761840e-03	-6.372118517003627e-03
1.420000000000000e-08	3.762284646973013e-03	3.750761031716191e-03	-9.752815261895625e-03
1.440000000000000e-08	3.787542728963648e-03	3.774138824257786e-03	-1.067752416058422e-02
1.460000000000000e-08	3.245994805632478e-03	3.229806310407236e-03	-9.013942884836531e-03
1.480000000000000e-08	2.250207052487571e-03	2.234192207186190e-03	-5.060736875543544e-03
1.500000000000000e-08	9.877340538797135e-04	9.720424931212863e-04	1.251643629561289e-04
1.520000000000000e-08	-2.696864039888270e-04	-2.816057111790126e-04	5.351397163089395e-03
1.540000000000000e-08	-1.283739020662799e-03	-1.291925471320111e-03	9.220201166505499e-03
1.560000000000000e-08	-1.860224053424660e-03	-1.862164352876940e-03	1.087286251931853e-02
1.580000000000000e-08	-1.935944933547991e-03	-1.933128292316454e-03	9.785513679976720e-03
1.600000000000000e-08	-1.550916167861154e-03	-1.542535727835547e-03	6.319573598809246e-03
1.620000000000000e-08	-8.766059747126131e-04	-8.656377019764736e-04	1.214998673893441e-03
1.640000000000000e-08	-1.320220859327092e-04	-1.186550109528646e-04	-4.165782713776911e-03
1.660000000000000e-08	4.313778231354811e-04	4.439248288627182e-04	-8.586188990726516e-03
1.680000000000000e-08	6.384304588814821e-04	6.504351080921438e-04	-1.084769804221465e-02
1.700000000000000e-08	3.906769089995841e-04	3.999949934951546e-04	-1.047870493217932e-02
1.720000000000000e-08	-2.631107388622335e-04	-2.548661615657400e-04	-7.463871879970957e-03
1.740000000000000e-08	-1.183022447049771e-03	-1.176674350100301e-03	-2.635799961237842e-03
1.760000000000000e-08	-2.128546279305978e-03	-2.121573695739720e-03	2.920202163495391e-03
1.780000000000000e-08	-2.859805990640190e-03	-2.852713468841264e-03	7.731273365449287e-03
1.800000000000000e-08	-3.156234849129972e-03	-3.146931261039890e-03	1.070164477936504e-02
1.820000000000000e-08	-2.912372776120532e-03	-2.902388872560949e-03	1.097315093939671e-02
1.840000000000000e-08	-2.130639751601119e-03	-2.119290988455414e-03	8.571051677290430e-03
1.860000000000000e-08	-9.619824884810915e-04	-9.521113503945021e-04	3.989706337182496e-03
1.880000000000000e-08	3.749552416750449e-04	3.831311503595948e-04	-1.556498591554859e-03
1.900000000000000e-08	1.597310739364848e-03	1.600769672170119e-03	-6.793406044382682e-03
1.920000000000000e-08	2.470861091653929e-03	2.469920702806527e-03	-1.032860044952963e-02
1.940000000000000e-08	2.820764933119496e-03	2.813619056290738e-03	-1.136716994199705e-02
1.960000000000000e-08	2.618500557980216e-03	2.607036171264857e-03	-9.542758602563697e-03
1.980000000000000e-08	1.944598947351315e-03	1.928665377492259e-03	-5.389802560945137e-03
2.000000000000000e-08	1.009365000739988e-03	9.921782396521968e-04	1.699214770328466e-04
2.020000000000000e-08	5.955422624155435e-05	4.174832573742933e-05	5.664512378212536e-03
2.040000000000000e-08	-6.441535729976092e-04	-6.593757018065716e-04	9.829391006035087e-03
2.060000000000000e-08	-9.317620719180523e-04	-9.445129138046191e-04	1.153070004782631e-02
2.080000000000000e-08	-7.247238612503692e-04	-7.331594369570142e-04	1.042532945834935e-02
2.100000000000000e-08	-9.925499132648810e-05	-1.050456846979353e-04	6.685648256305145e-03
2.120000000000000e-08	7.774127974449974e-04	7.746778033694246e-04	1.316075716668689e-03
2.140000000000000e-08	1.645902219132327e-03	1.643667742703851e-03	-4.454541402316717e-03
2.160000000000000e-08	2.261735773254862e-03	2.260194470016486e-03	-9.105409025094338e-03
2.180000000000000e-08	2.415601543236576e-03	2.412726742409243e-03	-1.156689173664571e-02
2.200000000000001e-08	2.029741275233576e-03	2.026766095811675e-03	-1.112266528778925e-02
2.220000000000000e-08	1.139717401799011e-03	1.135963487751869e-03	-7.964657163218720e-03
2.240000000000000e-08	-7.421185495784458e-05	-7.628833242414260e-05	-2.766059672311891e-03
2.260000000000000e-08	-1.367910122560739e-03	-1.368150163473070e-03	3.106092120811930e-03
2.280000000000000e-08	-2.448248323554743e-03	-2.444073116770938e-03	8.277877091104655e-03
2.300000000000000e-08	-3.091174900910889e-03	-3.083048140043786e-03	1.137645724390544e-02
2.320000000000000e-08	-3.152204967617357e-03	-3.138884056079688e-03	1.171695268129313e-02
2.340000000000000e-08	-2.641120712447497e-03	-2.624751868108604e-03	9.104857726239179e-03
2.360000000000000e-08	-1.683921414853202e-03	-1.664957272054024e-03	4.272847193730555e-03
2.380000000000000e-08	-5.261676186835709e-04	-5.079383377190930e-04	-1.687324077019602e-03
2.400000000000000e-08	5.635620890831454e-04	5.801455363019036e-04	-7.216354077236447e-03
2.420000000000000e-08	1.320208462456853e-03	1.332246337263472e-03	-1.103243015546126e-02
2.440000000000000e-08	1.586164293909506e-03	1.593860801621864e-03	-1.208891117665061e-02
2.460000000000001e-08	1.310708168020672e-03	1.312801418760674e-03	-1.019207803903335e-02
2.480000000000000e-08	6.044434868316414e-04	6.028646938424510e-04	-5.716917151046841e-03
2.500000000000001e-08	-3.331635350884003e-04	-3.381933579048316e-04	1.552964113812475e-04
2.520000000000000e-08	-1.222011919195015e-03	-1.227713615967976e-03	6.063773669209045e-03
2.540000000000001e-08	-1.812617693182147e-03	-1.818654773125627e-03	1.046109672536543e-02
2.560000000000000e-08	-1.907999069766362e-03	-1.912309238708463e-03	1.233106647383660e-02
2.580000000000000e-08	-1.455119236384397e-03	-1.458640053277438e-03	1.110365776483067e-02
2.600000000000000e-08	-5.239965483471710e-04	-5.262047994362345e-04	7.162585336828474e-03
2.620000000000000e-08	6.744947117387638e-04	6.713905496620134e-04	1.380942660356180e-03
2.640000000000000e-08	1.873921149740702e-03	1.869706630254253e-03	-4.728830860945511e-03
2.660000000000000e-08	2.782428152695234e-03	2.774952262786887e-03	-9.748206013268592e-03
2.680000000000001e-08	3.187609096487939e-03	3.177413694605802e-03	-1.233352167693933e-02
2.700000000000000e-08	2.974709104826826e-03	2.961000181687949e-03	-1.190794550353979e-02
2.720000000000001e-08	2.196148860044266e-03	2.181030332594941e-03	-8.480925195958984e-03
2.740000000000000e-08	1.020498447596244e-03	1.004653067884532e-03	-2.981651308575076e-03
2.760000000000001e-08	-2.762384921258865e-04	-2.897585885692792e-04	3.336803681222086e-03
2.780000000000000e-08	-1.406602684184535e-03	-1.416872165408269e-03	8.825090986334607e-03
2.800000000000001e-08	-2.106508905924726e-03	-2.111140418525642e-03	1.219083412513901e-02
2.820000000000000e-08	-2.241427955062221e-03	-2.240869323817542e-03	1.251123764344645e-02
2.840000000000001e-08	-1.797625764540962e-03	-1.791354649516538e-03	9.772573692880765e-03
2.860000000000000e-08	-9.234070106292208e-04	-9.137066743642657e-04	4.554572893757640e-03
2.880000000000001e-08	1.457734843880999e-04	1.579925826183295e-04	-1.783401732989479e-03
2.900000000000000e-08	1.108669844629316e-03	1.120506421998150e-03	-7.759496427679913e-03
2.920000000000000e-08	1.708222748274722e-03	1.718977693943701e-03	-1.179676555539800e-02
2.940000000000001e-08	1.765927963167981e-03	1.773719265398058e-03	-1.297395579976096e-02
2.960000000000000e-08	1.257578556388485e-03	1.263182762526175e-03	-1.089755945107849e-02
2.980000000000001e-08	2.881430490200971e-04	2.913379882165148e-04	-6.148312847920602e-03
3.000000000000000e-08	-8.997775842347546e-04	-8.968678276918468e-04	1.934111926685241e-04
3.020000000000001e-08	-2.019355972540758e-03	-2.016168428766098e-03	6.482909623943523e-03
3.040000000000001e-08	-2.775332996191903e-03	-2.769824969783226e-03	1.123666892231647e-02
3.060000000000000e-08	-2.976100089686554e-03	-2.968574310766003e-03	1.319878806280637e-02
3.080000000000000e-08	-2.540749366440239e-03	-2.530693875949576e-03	1.193586035404303e-02
3.100000000000001e-08	-1.561053917406996e-03	-1.550459967985109e-03	7.663171514997512e-03
3.120000000000001e-08	-2.445475832219761e-04	-2.343554960018104e-04	1.503499788180292e-03
3.140000000000000e-08	1.100218253880105e-03	1.107279439769389e-03	-5.099959339255337e-03
3.160000000000001e-08	2.175694756458971e-03	2.178776846023211e-03	-1.043774633395717e-02
3.180000000000001e-08	2.731863918776118e-03	2.729220859382045e-03	-1.326134949331127e-02
3.200000000000001e-08	2.659348999600266e-03	2.651703638892728e-03	-1.276821633902662e-02
3.220000000000000e-08	1.987102525476783e-03	1.974612941699939e-03	-9.141944331610807e-03
3.240000000000001e-08	9.060311840981917e-04	8.911457261835890e-04	-3.185595608964653e-03
3.260000000000001e-08	-3.109924805152454e-04	-3.268508479515001e-04	3.560820783428436e-03
3.280000000000000e-08	-1.342981188796333e-03	-1.356952157138856e-03	9.503608889470067e-03
3.300000000000000e-08	-1.932969567092584e-03	-1.944107061753984e-03	1.307841246085512e-02
3.320000000000001e-08	-1.923610772374437e-03	-1.930394545596193e-03	1.347044562822581e-02
3.340000000000001e-08	-1.324744699828002e-03	-1.328014396221622e-03	1.048669643230519e-02
3.360000000000000e-08	-2.803026546299525e-04	-2.803984081901635e-04	4.920510477433518e-03
3.380000000000000e-08	9.340999778358764e-04	9.349792096212230e-04	-1.941464838598845e-03
3.400000000000001e-08	2.009733163927448e-03	2.010621173849586e-03	-8.322330514377403e-03
3.420000000000001e-08	2.653201843178468e-03	2.652213107004789e-03	-1.271305867976784e-02
3.440000000000000e-08	2.691051712356454e-03	2.688258836911460e-03	-1.394286161605062e-02
3.460000000000001e-08	2.080794759444381e-03	2.075890861672135e-03	-1.176056406494643e-02
3.480000000000001e-08	9.550553494955343e-04	9.497483490349282e-04	-6.607934907985620e-03
3.500000000000001e-08	-4.391655554907143e-04	-4.437997421820650e-04	1.820330661757993e-04
3.520000000000000e-08	-1.767449203207688e-03	-1.769027959885872e-03	6.996891429186082e-03
3.540000000000001e-08	-2.727853964807897e-03	-2.725476343770938e-03	1.208607012705871e-02
3.560000000000001e-08	-3.085331467632731e-03	-3.077753784682906e-03	1.423963142107827e-02
3.580000000000000e-08	-2.766963193902725e-03	-2.755058202340498e-03	1.283212795057741e-02
3.600000000000000e-08	-1.849185555641761e-03	-1.833772585313194e-03	8.267985341533921e-03
3.620000000000001e-08	-5.684376751078008e-04	-5.520988573915352e-04	1.591235480942987e-03
3.640000000000001e-08	7.686338419223377e-04	7.840647906150141e-04	-5.492412873581231e-03
3.660000000000000e-08	1.825280471750162e-03	1.837218486752250e-03	-1.129279695696115e-02
3.680000000000001e-08	2.352456660385622e-03	2.359961354720219e-03	-1.429381166057132e-02
3.700000000000001e-08	2.218648857308014e-03	2.220789854401969e-03	-1.380256496271304e-02
3.720000000000001e-08	1.473370212348511e-03	1.471154775741884e-03	-9.848101888034451e-03
3.740000000000000e-08	3.049971182850008e-04	2.993989537404179e-04	-3.456220956096406e-03
3.760000000000001e-08	-9.744563160028739e-04	-9.810925029455735e-04	3.869124909143705e-03
3.780000000000001e-08	-2.037523675015402e-03	-2.043681729940986e-03	1.024507813980706e-02
3.800000000000001e-08	-2.593798247623842e-03	-2.597626598147600e-03	1.415143906177586e-02
3.820000000000000e-08	-2.492364835887888e-03	-2.493657489198576e-03	1.453692232731359e-02
3.840000000000001e-08	-1.731071065303143e-03	-1.729856229745510e-03	1.135050490718286e-02
3.860000000000001e-08	-4.887145199712200e-04	-4.866166409409275e-04	5.297435081310992e-03
3.880000000000000e-08	9.505022991822813e-04	9.520976881532495e-04	-2.082686566312581e-03
3.900000000000001e-08	2.230724439668854e-03	2.229747598779599e-03	-9.025064560307772e-03
3.920000000000001e-08	3.046602248182059e-03	3.042132058634359e-03	-1.374006249097956e-02
3.940000000000001e-08	3.187992892455239e-03	3.179292901074174e-03	-1.510858098220442e-02
3.960000000000000e-08	2.621507739317107e-03	2.609450030740614e-03	-1.270074528569930e-02
3.980000000000001e-08	1.473696398798719e-03	1.459490302464209e-03	-7.160656763133158e-03
4.000000000000001e-08	2.497707774055884e-05	1.103545524769851e-05	2.277602474667396e-04
4.020000000000001e-08	-1.383813298303049e-03	-1.395438303570789e-03	7.581790426477176e-03
4.040000000000000e-08	-2.402750671783235e-03	-2.409849664081489e-03	1.311677931660440e-02
4.060000000000001e-08	-2.800804081636830e-03	-2.802471906251189e-03	1.540971892081804e-02
4.080000000000001e-08	-2.482980158630782e-03	-2.478973566475908e-03	1.393666688623798e-02
4.100000000000001e-08	-1.541854188658185e-03	-1.533486476771261e-03	8.959216728850078e-03
4.120000000000000e-08	-2.135809244984720e-04	-2.025731629152786e-04	1.747581426530470e-03
4.140000000000001e-08	1.152524802428990e-03	1.163714153227840e-03	-5.977740926113923e-03
4.160000000000001e-08	2.211726483185246e-03	2.221195081707473e-03	-1.224130952941376e-02
4.180000000000000e-08	2.680816977772293e-03	2.686983029218986e-03	-1.553819333391974e-02
4.200000000000001e-08	2.436811941601883e-03	2.439358673057898e-03	-1.496780562967686e-02
4.220000000000001e-08	1.522893485881243e-03	1.522256137728895e-03	-1.070905640742584e-02
4.240000000000001e-08	1.637576167006181e-04	1.614921055774572e-04	-3.733229523912701e-03
4.260000000000000e-08	-1.316656534270365e-03	-1.318745785833302e-03	4.199071505664130e-03
4.280000000000001e-08	-2.540103887854871e-03	-2.540043380255412e-03	1.116424291277932e-02
4.300000000000001e-08	-3.206092816662936e-03	-3.202665854814985e-03	1.537896390386047e-02
4.320000000000001e-08	-3.133113085431519e-03	-3.125917165279910e-03	1.583844886405322e-02
4.340000000000000e-08	-2.332528288758333e-03	-2.322411478780648e-03	1.234334638387496e-02
4.360000000000001e-08	-9.811351470011412e-04	-9.697876485239668e-04	5.787570323576700e-03
4.380000000000001e-08	5.930181432144605e-04	6.033027419931725e-04	-2.276326057614947e-03
4.400000000000001e-08	2.018922521211271e-03	2.025934748360124e-03	-9.801289580326273e-03
4.420000000000001e-08	2.948390179706025e-03	2.950448462297924e-03	-1.498003813701106e-02
4.440000000000001e-08	3.163690603833211e-03	3.160066184189713e-03	-1.644623436802693e-02
4.460000000000001e-08	2.610356113140610e-03	2.601483932571657e-03	-1.386049345578529e-02
4.480000000000000e-08	1.438933469598538e-03	1.426274179908642e-03	-7.791528190362973e-03
4.500000000000001e-08	-6.393872524275203e-05	-7.809315744319851e-05	2.346329855018930e-04
4.520000000000001e-08	-1.514561024654250e-03	-1.527758288704003e-03	8.294932136846019e-03
4.540000000000001e-08	-2.550535962824856e-03	-2.560517312376776e-03	1.431736071989913e-02
4.560000000000000e-08	-2.904781848188568e-03	-2.910276098946257e-03	1.685892247637329e-02
4.580000000000001e-08	-2.489577289065801e-03	-2.490298356098330e-03	1.520792767777706e-02
4.600000000000001e-08	-1.398691939569549e-03	-1.395731061168927e-03	9.800738755413166e-03
4.620000000000001e-08	9.335370990967283e-05	9.828474604009495e-05	1.894959942430281e-03
4.640000000000001e-08	1.619448053663896e-03	1.624039182974382e-03	-6.511361125918115e-03
4.660000000000001e-08	2.788993533486373e-03	2.791443339714201e-03	-1.339350561480548e-02
4.680000000000001e-08	3.307217236676580e-03	3.306133474276773e-03	-1.698337718180085e-02
4.700000000000001e-08	3.022602470521742e-03	3.017961846657790e-03	-1.639984578287683e-02
4.720000000000001e-08	1.997847096954335e-03	1.990364193851734e-03	-1.171475863351527e-02
4.740000000000001e-08	4.651176704439030e-04	4.568020292776894e-04	-4.105552154208697e-03
4.760000000000001e-08	-1.202985767494051e-03	-1.210038360817459e-03	4.613895806333600e-03
4.780000000000001e-08	-2.605394050147666e-03	-2.608735840485411e-03	1.222302934717032e-02
4.800000000000001e-08	-3.394060314342464e-03	-3.392385930299138e-03	1.687363003035173e-02
4.820000000000001e-08	-3.383089898710603e-03	-3.375723228813097e-03	1.735200912360353e-02
4.840000000000001e-08	-2.567376438117506e-03	-2.555444414153614e-03	1.354953090716761e-02
4.860000000000001e-08	-1.153278880492701e-03	-1.138472703443901e-03	6.332534042993557e-03
4.880000000000001e-08	5.171163623602314e-04	5.319116332002159e-04	-2.488748251632490e-03
4.900000000000001e-08	2.024556935941875e-03	2.037029472582129e-03	-1.078070737865460e-02
4.920000000000001e-08	3.002761838320069e-03	3.010554651932040e-03	-1.644477642176198e-02
4.940000000000001e-08	3.199688459891128e-03	3.202094269669780e-03	-1.808732674877570e-02
4.960000000000001e-08	2.570473870173842e-03	2.567348570196081e-03	-1.522040630958407e-02
4.980000000000001e-08	1.268192217083055e-03	1.261257432907331e-03	-8.580356318251886e-03
5.000000000000001e-08	-3.795434611002865e-04	-3.884509118553534e-04	2.744351128829674e-04
5.020000000000001e-08	-1.964537041434463e-03	-1.972533662686996e-03	9.119349739001888e-03
5.040000000000001e-08	-3.073702201367214e-03	-3.079007557798338e-03	1.577324309734084e-02
5.060000000000001e-08	-3.429748796820522e-03	-3.430682094251698e-03	1.854798258526171e-02
5.080000000000001e-08	-2.924851356572130e-03	-2.921804641641208e-03	1.676605709553545e-02
5.100000000000001e-08	-1.675868929105443e-03	-1.669644666749086e-03	1.078883399167679e-02
5.120000000000001e-08	2.676674195169362e-05	3.360762542763526e-05	2.099921309068659e-03
5.140000000000001e-08	1.761809023297706e-03	1.767279386740358e-03	-7.198572216635246e-03
5.160000000000001e-08	3.109763577552228e-03	3.111264505336657e-03	-1.477114215269279e-02
5.180000000000001e-08	3.728701566671899e-03	3.725427131055022e-03	-1.875932027446268e-02
5.200000000000001e-08	3.465581428270640e-03	3.456934975398495e-03	-1.810220892234158e-02
5.220000000000001e-08	2.372265158291171e-03	2.359890693094378e-03	-1.296268581037578e-02
5.240000000000001e-08	7.148410095830601e-04	7.003920544435965e-04	-4.528417118693007e-03
5.260000000000001e-08	-1.106845313561942e-03	-1.120080317086034e-03	5.088694396939702e-03
5.280000000000001e-08	-2.636895673697887e-03	-2.646772092336528e-03	1.352955975816652e-02
5.300000000000001e-08	-3.505033732675870e-03	-3.509047206757383e-03	1.865804804456642e-02
5.320000000000001e-08	-3.491507072914396e-03	-3.489511932869715e-03	1.921712080369944e-02
5.340000000000001e-08	-2.603958051141073e-03	-2.596097363327773e-03	1.499141413422176e-02
5.360000000000001e-08	-1.056287596406179e-03	-1.045117433120349e-03	7.024865898506553e-03
5.380000000000001e-08	7.613864480123477e-04	7.737858266001622e-04	-2.776010305537650e-03
5.400000000000001e-08	2.398956014182451e-03	2.409229648207397e-03	-1.195710869130522e-02
5.420000000000001e-08	3.435388848074888e-03	3.442029499852011e-03	-1.825970912448244e-02
5.440000000000001e-08	3.610361711926659e-03	3.611658809973632e-03	-2.006902527874968e-02
5.460000000000001e-08	2.863159267150805e-03	2.860005845116307e-03	-1.692818288397180e-02
5.480000000000001e-08	1.372801601492560e-03	1.366002446576778e-03	-9.535489299288536e-03
5.500000000000001e-08	-5.050455763796418e-04	-5.124373371701780e-04	2.821796300706345e-04
5.520000000000001e-08	-2.298678214144448e-03	-2.304669338209075e-03	1.012074277743944e-02
5.540000000000001e-08	-3.568906647542829e-03	-3.570500543945046e-03	1.751717090222635e-02
5.560000000000001e-08	-3.989161516622582e-03	-3.985818185816544e-03	2.064953012969032e-02
5.580000000000001e-08	-3.448943455107266e-03	-3.440109428353769e-03	1.866280063959205e-02
5.600000000000001e-08	-2.063657018175309e-03	-2.051654779814651e-03	1.203028916524002e-02
5.620000000000001e-08	-1.705035577458813e-04	-1.571700023175545e-04	2.324931230450160e-03
5.640000000000001e-08	1.772251586480801e-03	1.783206732493901e-03	-8.026198059684398e-03
5.660000000000001e-08	3.281427103721371e-03	3.288208842285108e-03	-1.648300522295618e-02
5.680000000000001e-08	3.993182810242161e-03	3.993382432593552e-03	-2.092314437313587e-02
5.700000000000001e-08	3.719590537786006e-03	3.713742871237679e-03	-2.021374520960963e-02
5.720000000000001e-08	2.530951320599687e-03	2.519385620772112e-03	-1.446144166858204e-02
5.740000000000001e-08	7.114330098809408e-04	6.973136462590897e-04	-5.066205153903989e-03
5.760000000000001e-08	-1.282092536841533e-03	-1.296575474989182e-03	5.692443502500964e-03
5.780000000000001e-08	-2.956420684265367e-03	-2.967414435750132e-03	1.511839378365534e-02
5.800000000000001e-08	-3.885584702045911e-03	-3.891731714364039e-03	2.088683572893919e-02
5.820000000000001e-08	-3.835451137652348e-03	-3.835008447614622e-03	2.150351611780238e-02
5.840000000000001e-08	-2.803684077381281e-03	-2.798252498108188e-03	1.679142896147596e-02
5.860000000000001e-08	-1.045369405476637e-03	-1.036125771083100e-03	7.855388988734648e-03
5.880000000000001e-08	1.016441131507605e-03	1.025733898068569e-03	-3.117993897249715e-03
5.900000000000001e-08	2.862272248773388e-03	2.869654141758032e-03	-1.343497040892623e-02
5.920000000000001e-08	4.032368938749857e-03	4.034706518064722e-03	-2.049666956020457e-02
5.940000000000001e-08	4.222221535813531e-03	4.219459807919349e-03	-2.255035744412843e-02
5.960000000000001e-08	3.376592665344792e-03	3.368214322518938e-03	-1.901584126681763e-02
5.980000000000001e-08	1.683477368313322e-03	1.672264941727147e-03	-1.072643395196179e-02
6.000000000000001e-08	-4.461098479935441e-04	-4.583254900155919e-04	3.405918732296396e-04
6.020000000000001e-08	-2.492798538170677e-03	-2.501876025767087e-03	1.142069832369036e-02
6.040000000000001e-08	-3.941961833048766e-03	-3.946232872104681e-03	1.976033258809775e-02
6.060000000000001e-08	-4.441772412742802e-03	-4.438732609399528e-03	2.327092189920311e-02
6.080000000000002e-08	-3.855670968035863e-03	-3.846507776242628e-03	2.104813208899508e-02
6.100000000000000e-08	-2.325841945954091e-03	-2.311317579379386e-03	1.356474024140549e-02
6.120000000000001e-08	-2.154112780352778e-04	-1.995352628311629e-04	2.627192304172103e-03
6.140000000000001e-08	1.944512010517324e-03	1.959434456972412e-03	-9.065446290362990e-03
6.160000000000001e-08	3.625831610500614e-03	3.635715881731889e-03	-1.861797800710705e-02
6.180000000000001e-08	4.403303554509338e-03	4.407284115188467e-03	-2.366451126368644e-02
6.200000000000001e-08	4.075215929704718e-03	4.071747867300147e-03	-2.285301076080151e-02
6.220000000000001e-08	2.711930516002240e-03	2.703268008638076e-03	-1.635733836151276e-02
6.240000000000002e-08	6.508729787037971e-04	6.383828956430165e-04	-5.723876208955858e-03
6.260000000000000e-08	-1.606417368614440e-03	-1.618336590155690e-03	6.439597650608530e-03
6.280000000000001e-08	-3.492185130169275e-03	-3.501419068911591e-03	1.714273206377518e-02
6.300000000000001e-08	-4.536041418509875e-03	-4.539041718468256e-03	2.370034039302009e-02
6.320000000000001e-08	-4.456736536364848e-03	-4.453808722567947e-03	2.443208560650581e-02
6.340000000000001e-08	-3.264147956534753e-03	-3.255042904342775e-03	1.908144180241975e-02
6.360000000000001e-08	-1.236867336269283e-03	-1.225226708548803e-03	8.938825717236868e-03
6.380000000000002e-08	1.129541195531396e-03	1.141611096331089e-03	-3.550127174887696e-03
6.400000000000002e-08	3.257336025158450e-03	3.265328125164849e-03	-1.529195305343791e-02
6.420000000000001e-08	4.609400921283047e-03	4.612048705300681e-03	-2.336243666453351e-02
6.440000000000001e-08	4.848854084478300e-03	4.843826683648965e-03	-2.571179354970208e-02
6.460000000000001e-08	3.899027958525840e-03	3.888131468961090e-03	-2.170276370194236e-02
6.480000000000001e-08	1.986319514572942e-03	1.970445816578664e-03	-1.224206145960019e-02
6.500000000000001e-08	-4.339614308200317e-04	-4.502425481226179e-04	3.890138748030783e-04
6.520000000000001e-08	-2.756267772346090e-03	-2.770504890792413e-03	1.306806591793379e-02
6.540000000000002e-08	-4.405310279110899e-03	-4.413020400814273e-03	2.261171967891328e-02
6.560000000000001e-08	-4.967424177846153e-03	-4.968052498098800e-03	2.666111862808430e-02
6.580000000000001e-08	-4.296414322769066e-03	-4.288701013261479e-03	2.412674555939187e-02
6.600000000000001e-08	-2.540815430257293e-03	-2.527999276461452e-03	1.556248907608742e-02
6.620000000000001e-08	-1.316417215547967e-04	-1.156756396606655e-04	3.012231802040609e-03
6.640000000000001e-08	2.336707466172807e-03	2.350711478155489e-03	-1.041700356818288e-02
6.660000000000001e-08	4.246028796426494e-03	4.256072402045905e-03	-2.142212759249158e-02
6.680000000000002e-08	5.117063232925533e-03	5.119634923232491e-03	-2.723065190955923e-02
6.700000000000002e-08	4.709677439553286e-03	4.705666673608343e-03	-2.632171192434885e-02
6.720000000000001e-08	3.115952714769540e-03	3.105297773717461e-03	-1.884645590073522e-02
6.740000000000001e-08	7.135531877474487e-04	7.004821068842584e-04	-6.600961082023327e-03
6.760000000000001e-08	-1.907198235055054e-03	-1.920355511990104e-03	7.442893750069584e-03
6.780000000000001e-08	-4.101919878506406e-03	-4.110043944586106e-03	1.980816881069516e-02
6.800000000000001e-08	-5.314517138013636e-03	-5.316323183924157e-03	2.740941212746038e-02
6.820000000000002e-08	-5.230849228486800e-03	-5.224007434273154e-03	2.826808870444539e-02
6.840000000000002e-08	-3.850107546931101e-03	-3.837256131555350e-03	2.209472128636292e-02
6.860000000000001e-08	-1.506350095238147e-03	-1.489026431041351e-03	1.034917322569617e-02
6.880000000000001e-08	1.239570422642293e-03	1.255944169680056e-03	-4.130333635508401e-03
6.900000000000001e-08	3.704254677635277e-03	3.717203819588724e-03	-1.776975773424287e-02
6.920000000000001e-08	5.277672000165537e-03	5.282731209809179e-03	-2.716076049283245e-02
6.940000000000001e-08	5.554428209487548e-03	5.551713384319370e-03	-2.991700604291687e-02
6.960000000000001e-08	4.457104872940054e-03	4.445678730732605e-03	-2.526777041695843e-02
6.980000000000002e-08	2.235901420727660e-03	2.219680904722621e-03	-1.426338858115702e-02
7.000000000000002e-08	-5.676497389496757e-04	-5.863868373443492e-04	4.648202360548945e-04
7.020000000000001e-08	-3.260908948423459e-03	-3.276316607091310e-03	1.527074030268949e-02
7.040000000000001e-08	-5.160439378358628e-03	-5.170298690788991e-03	2.644445080234832e-02
7.060000000000001e-08	-5.793390282611346e-03	-5.793973855233757e-03	3.119298760792123e-02
7.080000000000001e-08	-4.980201168371942e-03	-4.973077221160503e-03	2.825255105972872e-02
7.100000000000001e-08	-2.905175299032725e-03	-2.890995593033064e-03	1.823166159424261e-02
7.120000000000002e-08	-6.233942459824553e-05	-4.646360312540549e-05	3.521686826621789e-03
7.140000000000002e-08	2.841765728827507e-03	2.856581436833229e-03	-1.226452209845508e-02
7.160000000000001e-08	5.089592671098687e-03	5.097954320095346e-03	-2.522099076723517e-02
7.180000000000001e-08	6.103127524238592e-03	6.104242075998589e-03	-3.206870039341565e-02
7.200000000000001e-08	5.616180861172509e-03	5.607979192145732e-03	-3.102112995769620e-02
7.220000000000001e-08	3.723524345436281e-03	3.709256266994300e-03	-2.223013946464500e-02
7.240000000000001e-08	8.797351737685760e-04	8.611971792594497e-04	-7.776273501026265e-03
7.260000000000001e-08	-2.231683886069773e-03	-2.248366968167435e-03	8.849431202810959e-03
7.280000000000002e-08	-4.829352189161511e-03	-4.841348176508805e-03	2.349909141310002e-02
7.300000000000002e-08	-6.266424163092341e-03	-6.268820204663316e-03	3.250524296494862e-02
7.320000000000001e-08	-6.165062459763479e-03	-6.158401516587952e-03	3.354588419800828e-02
7.340000000000001e-08	-4.533549207354259e-03	-4.517575884959673e-03	2.624385291252133e-02
7.360000000000001e-08	-1.754038605734437e-03	-1.734002421854811e-03	1.229926822636508e-02
7.380000000000001e-08	1.497158986386099e-03	1.518197233160754e-03	-4.936921332231876e-03
7.400000000000001e-08	4.418695004706099e-03	4.434324791179205e-03	-2.121395059356474e-02
7.420000000000002e-08	6.268421439322627e-03	6.276769638740440e-03	-3.243662687146941e-02
7.440000000000002e-08	6.578842821340185e-03	6.576504512896256e-03	-3.576449381267569e-02
7.460000000000001e-08	5.244008027748455e-03	5.233277405398104e-03	-3.023625035733074e-02
7.480000000000001e-08	2.574527465816364e-03	2.556443081897898e-03	-1.708370758701665e-02
7.500000000000001e-08	-7.942091207087049e-04	-8.134716388716872e-04	5.747334187731622e-04
7.520000000000001e-08	-4.019155279063905e-03	-4.036227404600572e-03	1.836571307523641e-02
7.540000000000001e-08	-6.291061432262699e-03	-6.299743381501219e-03	3.182965740661006e-02
7.560000000000002e-08	-7.030340604329241e-03	-7.029817243318939e-03	3.758670419622465e-02
7.580000000000002e-08	-6.030609317432730e-03	-6.019214177478908e-03	3.408203156345990e-02
7.600000000000002e-08	-3.502543382452356e-03	-3.484829351889151e-03	2.200874963736945e-02
7.620000000000001e-08	-5.378995985509509e-05	-3.263624048836509e-05	4.233649062485048e-03
7.640000000000001e-08	3.475292289373084e-03	3.492821381361188e-03	-1.491023824542540e-02
7.660000000000001e-08	6.195827112698377e-03	6.206952138103312e-03	-3.063714356089790e-02
7.680000000000001e-08	7.423913105228812e-03	7.423967778714348e-03	-3.899408380668042e-02
7.700000000000001e-08	6.822787494781514e-03	6.813042976915078e-03	-3.776253602860714e-02
7.720000000000002e-08	4.517725145107798e-03	4.498345932073503e-03	-2.709699199628077e-02
7.740000000000002e-08	1.048707982048539e-03	1.025704192402721e-03	-9.478423001691171e-03
7.760000000000001e-08	-2.738466696234868e-03	-2.761398307029479e-03	1.083533806950938e-02
7.780000000000001e-08	-5.903310578459314e-03	-5.918754492446295e-03	2.880392539005740e-02
7.800000000000001e-08	-7.641642677867076e-03	-7.647335274393558e-03	3.990051020591663e-02
7.820000000000001e-08	-7.499858180530794e-03	-7.492484200730596e-03	4.124818991254428e-02
7.840000000000001e-08	-5.473620499082892e-03	-5.456728471089115e-03	3.231267917602598e-02
7.860000000000002e-08	-2.044552962048438e-03	-2.020637591528729e-03	1.516289167734122e-02
7.880000000000002e-08	1.962322407899885e-03	1.985591599120984e-03	-6.096938668971371e-03
7.900000000000002e-08	5.550316101428299e-03	5.569101894829163e-03	-2.622940628052695e-02
7.920000000000001e-08	7.822504624405863e-03	7.830575106366758e-03	-4.022633043940278e-02
7.940000000000001e-08	8.174492885795836e-03	8.171706607624230e-03	-4.443667109052145e-02
7.960000000000001e-08	6.484793946545030e-03	6.469965510966510e-03	-3.762545548566969e-02
7.980000000000001e-08	3.130689398107675e-03	3.109134301253925e-03	-2.126803294298459e-02
8.000000000000001e-08	-1.079557806354286e-03	-1.104254335246879e-03	7.396345644323863e-04
8.020000000000002e-08	-5.111505590004548e-03	-5.131043508758320e-03	2.300681009807862e-02
8.040000000000002e-08	-7.942944606568837e-03	-7.953653305695623e-03	3.993482756220778e-02
8.060000000000001e-08	-8.859210435627748e-03	-8.855904887563819e-03	4.727918471653266e-02
8.080000000000001e-08	-7.578123180938100e-03	-7.562958974971849e-03	4.294532560940667e-02
8.100000000000001e-08	-4.378053266694515e-03	-4.352716540680169e-03	2.778309569132685e-02
8.120000000000001e-08	-1.333783779839576e-05	1.420336081805968e-05	5.334711659665596e-03
8.140000000000001e-08	4.441329878655628e-03	4.466300408544793e-03	-1.891833445407307e-02
8.160000000000002e-08	7.878991510418638e-03	7.893613125925273e-03	-3.897455048444117e-02
8.180000000000002e-08	9.412054784576702e-03	9.414655590725894e-03	-4.971241055087382e-02
8.200000000000002e-08	8.619493615895027e-03	8.607350335261556e-03	-4.824986736924956e-02
8.220000000000001e-08	5.647755511129776e-03	5.625271301072023e-03	-3.467771130057223e-02
8.240000000000001e-08	1.200786054288739e-03	1.171212695252131e-03	-1.214573171881572e-02
8.260000000000001e-08	-3.652658555632197e-03	-3.680267755220316e-03	1.397254084479345e-02
8.280000000000001e-08	-7.695960002104787e-03	-7.716384351147378e-03	3.719243629107448e-02
8.300000000000002e-08	-9.901040355551184e-03	-9.906877954713652e-03	5.165586170234951e-02
8.320000000000002e-08	-9.663478782941706e-03	-9.654822527599445e-03	5.350993630809777e-02
8.340000000000002e-08	-6.991694798035771e-03	-6.968787430841018e-03	4.201491084827656e-02
8.360000000000001e-08	-2.496058134233246e-03	-2.466679893214902e-03	1.972717572944378e-02
8.380000000000001e-08	2.745189713939695e-03	2.775509199349484e-03	-8.076892255543046e-03
8.400000000000001e-08	7.434881175827870e-03	7.456751840876518e-03	-3.456870641318722e-02
8.420000000000001e-08	1.036990110026843e-02	1.037989050249024e-02	-5.302743111265845e-02
8.440000000000001e-08	1.078303449736501e-02	1.077653938705939e-02	-5.870238332948421e-02
8.460000000000002e-08	8.498913415978132e-03	8.478909737526625e-03	-4.981606603498664e-02
8.480000000000002e-08	4.026550512273366e-03	3.995441054747115e-03	-2.823454539438180e-02
8.500000000000002e-08	-1.582875186512748e-03	-1.615758305160900e-03	1.032431795546014e-03
8.520000000000001e-08	-6.936882960166474e-03	-6.965001797967327e-03	3.079281831401504e-02
8.540000000000001e-08	-1.069583539913302e-02	-1.070944199789449e-02	5.365948337165723e-02
8.560000000000001e-08	-1.187039555916435e-02	-1.186709214782740e-02	6.371666474139870e-02
8.580000000000001e-08	-1.009553183811472e-02	-1.007356384240522e-02	5.807885275182238e-02
8.600000000000002e-08	-5.725778005804113e-03	-5.692266494560466e-03	3.768044881559125e-02
8.620000000000002e-08	2.110182770255647e-04	2.498866862994259e-04	7.215762596176102e-03
8.640000000000002e-08	6.258630618851697e-03	6.291624127541680e-03	-2.592906998849189e-02
8.660000000000001e-08	1.090035494885448e-02	1.092178590353549e-02	-5.354475493062657e-02
8.680000000000001e-08	1.293415367391678e-02	1.293705102717487e-02	-6.858110201488941e-02
8.700000000000001e-08	1.175569362325103e-02	1.174109360681218e-02	-6.681128712067433e-02
8.720000000000001e-08	7.574439651816485e-03	7.543365090994842e-03	-4.820539579181193e-02
8.740000000000001e-08	1.345801675842965e-03	1.307421742931668e-03	-1.688636095622386e-02
8.760000000000002e-08	-5.420765595046253e-03	-5.458768597922369e-03	1.967353705232436e-02
8.780000000000002e-08	-1.104194577328967e-02	-1.106721875837819e-02	5.249205522953487e-02
8.800000000000002e-08	-1.406148446806755e-02	-1.406837360175479e-02	7.321752309233531e-02
8.820000000000001e-08	-1.362360740213541e-02	-1.360729939625580e-02	7.619836103318531e-02
8.840000000000001e-08	-9.718597677741836e-03	-9.684693369849486e-03	6.006866947196747e-02
8.860000000000001e-08	-3.225363093337690e-03	-3.180296404233430e-03	2.828053152587406e-02
8.880000000000001e-08	4.326554570574007e-03	4.369673808250396e-03	-1.182622667511673e-02
8.900000000000002e-08	1.105206214260813e-02	1.108494784934899e-02	-5.040239630928136e-02
8.920000000000002e-08	1.522127434811611e-02	1.523417632959528e-02	-7.768370186023968e-02
8.940000000000002e-08	1.569120569487326e-02	1.568267982247095e-02	-8.642753441943481e-02
8.960000000000001e-08	1.220974342827870e-02	1.217883620959313e-02	-7.374992142349171e-02
8.980000000000001e-08	5.493758493758634e-03	5.448857933404333e-03	-4.194904048266505e-02
9.000000000000001e-08	-2.884478834643579e-03	-2.934799861456944e-03	1.750702156201743e-03
9.020000000000001e-08	-1.085975635203186e-02	-1.090024559101225e-02	4.677491645522729e-02
9.040000000000002e-08	-1.638060299726092e-02	-1.640144828172122e-02	8.176657843091498e-02
9.060000000000002e-08	-1.797542017991967e-02	-1.796737199056589e-02	9.767276526938677e-02
9.080000000000002e-08	-1.504897237001623e-02	-1.501480491103394e-02	8.952855226694226e-02
9.100000000000002e-08	-8.161018763520881e-03	-8.106904739477280e-03	5.837948379094521e-02
9.120000000000001e-08	1.120213688647373e-03	1.178905655606512e-03	1.102075378187969e-02
9.140000000000001e-08	1.053679114773803e-02	1.058819865943976e-02	-4.132431262475568e-02
9.160000000000001e-08	1.770057956037590e-02	1.773099732215333e-02	-8.571757997901105e-02
9.180000000000001e-08	2.067155531548855e-02	2.067600203123637e-02	-1.105410973421679e-01
9.200000000000002e-08	1.849029111428315e-02	1.846481625015987e-02	-1.085573158384223e-01
9.220000000000002e-08	1.145769948686065e-02	1.140897001697866e-02	-7.890150402483431e-02
9.240000000000002e-08	1.119946488918938e-03	1.056852814692761e-03	-2.762519358051322e-02
9.260000000000002e-08	-1.006493452167806e-02	-1.012388392597206e-02	3.351883531001826e-02
9.280000000000001e-08	-1.925851879173936e-02	-1.929771343431437e-02	8.948811078255642e-02
9.300000000000001e-08	-2.400189604922933e-02	-2.400542144249725e-02	1.258539001049757e-01
9.320000000000001e-08	-2.282291293724578e-02	-2.278838775770011e-02	1.322906348253436e-01
9.340000000000002e-08	-1.568204605695809e-02	-1.561431691482116e-02	1.053845546773893e-01
9.360000000000002e-08	-4.056126777412908e-03	-3.973654213117981e-03	4.990029792070045e-02
9.380000000000002e-08	9.346992620398344e-03	9.426671302462247e-03	-2.195060828538340e-02
9.400000000000002e-08	2.117657923433576e-02	2.123381436337750e-02	-9.298693933301866e-02
9.420000000000001e-08	2.826939015143103e-02	2.829413086549254e-02	-1.451185587855796e-01
9.440000000000001e-08	2.847335496440880e-02	2.845724629291841e-02	-1.637945940820754e-01
9.460000000000001e-08	2.124115988029794e-02	2.118751037011096e-02	-1.417648127532087e-01
9.480000000000002e-08	7.905194403605459e-03	7.822296405874479e-03	-8.155622527635049e-02
9.500000000000002e-08	-8.542069061033882e-03	-8.631360152354871e-03	4.604655500337127e-03
9.520000000000002e-08	-2.403123242259035e-02	-2.410165126745960e-02	9.678483038821863e-02
9.540000000000002e-08	-3.441709347677547e-02	-3.444009493739513e-02	1.719025768436131e-01
9.560000000000002e-08	-3.654284371552803e-02	-3.650526670962001e-02	2.093294640862569e-01
9.580000000000001e-08	-2.910859682099537e-02	-2.901157110878441e-02	1.959943668290388e-01
9.600000000000001e-08	-1.317212038239107e-02	-1.304005835453026e-02	1.302534801298079e-01
9.620000000000001e-08	7.868175521636047e-03	8.005614483193695e-03	2.353985433848267e-02
9.640000000000002e-08	2.891263648165959e-02	2.902413745198131e-02	-1.011920919766396e-01
9.660000000000002e-08	4.432332096850732e-02	4.439075173717742e-02	-2.141358588275603e-01
9.680000000000002e-08	4.931745683005396e-02	4.932542438196301e-02	-2.849994479226183e-01
9.700000000000002e-08	4.121274061990409e-02	4.115677251174826e-02	-2.896538731246829e-01
9.720000000000001e-08	2.055943492192827e-02	2.044462994086293e-02	-2.176992412889984e-01
9.740000000000001e-08	-8.712553528510124e-03	-8.853624646995250e-03	-7.614630686549982e-02
9.760000000000001e-08	-3.973626030413640e-02	-3.985254318052474e-02	1.097377768276571e-01
9.780000000000002e-08	-6.408501838196203e-02	-6.411109293984010e-02	3.002013160849222e-01
9.800000000000002e-08	-7.365831031164370e-02	-7.354675145298577e-02	4.471927106344669e-01
9.820000000000002e-08	-6.276216694413425e-02	-6.250433479165532e-02	5.028777263575807e-01
9.840000000000002e-08	-3.024277132681666e-02	-2.989632777882120e-02	4.303977361072548e-01
9.860000000000002e-08	1.916452252490108e-02	1.950742706621091e-02	2.121039345710393e-01
9.880000000000001e-08	7.437004876484410e-02	7.463967329505522e-02	-1.450692232382449e-01
9.900000000000001e-08	1.190570069832671e-01	1.192480131156362e-01	-6.096061302738942e-01
9.920000000000001e-08	1.337251392307396e-01	1.338227507654707e-01	-1.128545747654727e+00
9.940000000000002e-08	9.817804555379368e-02	9.816500389731758e-02	-1.634241872400336e+00
9.960000000000002e-08	-5.021472771402437e-03	-4.659911044302790e-03	-2.057218217430957e+00
9.980000000000002e-08	-1.884311300590948e-01	-1.853071710197063e-01	-2.337007696293228e+00
1.000000000000000e-07	-4.576300076389330e-01	-4.456303194461920e-01	-2.432817806228622e+00
1.002000000000000e-07	-8.084138479554591e-01	-7.769040684528364e-01	-2.330832894866403e+00
1.004000000000000e-07	-1.223587874515351e+00	-1.159575911390395e+00	-2.046963420102670e+00
1.006000000000000e-07	-1.674077539664388e+00	-1.568035722404819e+00	-1.620002772826488e+00
1.008000000000000e-07	-2.115371794369252e+00	-1.967508075221913e+00	-1.113266233790768e+00
1.010000000000000e-07	-2.501090475006356e+00	-2.322331916705139e+00	-5.973530131123832e-01
1.012000000000000e-07	-2.794170075104518e+00	-2.600838024732140e+00	-1.360922929888370e-01
1.014000000000000e-07	-2.967423948130123e+00	-2.775302436404791e+00	2.163277756881202e-01
1.016000000000000e-07	-3.007234571247511e+00	-2.827851610042512e+00	4.290632406390876e-01
1.018000000000000e-07	-2.909520047333906e+00	-2.751137295612559e+00	4.965212124057779e-01
1.020000000000000e-07	-2.676482745592263e+00	-2.548802209297523e+00	4.376080155898877e-01
1.022000000000000e-07	-2.314907511206270e+00	-2.234401661829509e+00	2.899843905512133e-01
1.024000000000000e-07	-1.836603511227656e+00	-1.828483053589508e+00	1.002591556546289e-01
1.026000000000000e-07	-1.262769050087825e+00	-1.356783046806578e+00	-8.326929792940424e-02
1.028000000000000e-07	-6.282990774841959e-01	-8.467295859121375e-01	-2.211333496945554e-01
1.030000000000000e-07	1.894897253754228e-02	-3.246732201023347e-01	-2.892186541165792e-01
1.032000000000000e-07	6.275981988596891e-01	1.858278537427464e-01	-2.813965099499133e-01
1.034000000000000e-07	1.155679574425703e+00	6.652796273383559e-01	-2.087742876543996e-01
1.036000000000000e-07	1.576694157413448e+00	1.098528831662089e+00	-9.496996406054665e-02
1.038000000000000e-07	1.879342342393626e+00	1.473878629248989e+00	2.922398611618380e-02
1.040000000000000e-07	2.066743622201620e+00	1.782789037471383e+00	1.339568966469071e-01
1.042000000000000e-07	2.150884099717592e+00	2.018736018519772e+00	1.968317913512888e-01
1.044000000000000e-07	2.147084259048973e+00	2.176861676046250e+00	2.075832261784892e-01
1.046000000000000e-07	2.071055334509809e+00	2.253136352359601e+00	1.683377045333449e-01
1.048000000000000e-07	1.934009075267435e+00	2.245207837422990e+00	9.200844960681594e-02
1.050000000000000e-07	1.744533045008860e+00	2.152518678819309e+00	-1.552593196424117e-05
1.052000000000000e-07	1.508331542011396e+00	1.977454578307359e+00	-8.489337721926547e-02
1.054000000000000e-07	1.229905012335165e+00	1.725408977699064e+00	-1.431051053764589e-01
1.056000000000000e-07	9.149684772872896e-01	1.406178982187830e+00	-1.631407986601643e-01
1.058000000000000e-07	5.719901466224532e-01	1.033939693093706e+00	-1.429312032238749e-01
1.060000000000000e-07	2.116143880589733e-01	6.241379671610011e-01	-8.955770486830757e-02
1.062000000000000e-07	-1.508214776778235e-01	1.967056561304775e-01	-1.815162068022303e-02
1.064000000000000e-07	-4.986095352990017e-01	-2.282913465081389e-01	5.305251351483171e-02
1.066000000000000e-07	-8.155787310871300e-01	-6.316711770098283e-01	1.071761943249770e-01
1.068000000000000e-07	-1.087641767808840e+00	-9.957685895700550e-01	1.323584420223078e-01
1.070000000000000e-07	-1.304278424955845e+00	-1.305949370366078e+00	1.243956938220524e-01
1.072000000000000e-07	-1.459573400117352e+00	-1.552520399374745e+00	8.668674076551637e-02
1.074000000000000e-07	-1.550378285000090e+00	-1.728241186302984e+00	3.025275403456792e-02
1.076000000000000e-07	-1.576863761457085e+00	-1.830224308065614e+00	-3.052586842121064e-02
1.078000000000000e-07	-1.541464580503653e+00	-1.858700898824125e+00	-8.081135174053380e-02
1.080000000000000e-07	-1.448193287040182e+00	-1.816392119912919e+00	-1.091098527304847e-01
1.082000000000000e-07	-1.302046947170173e+00	-1.707733458289303e+00	-1.096257795723812e-01
1.084000000000000e-07	-1.108991562965771e+00	-1.538688080255881e+00	-8.361002236698084e-02
1.086000000000000e-07	-8.760783015122322e-01	-1.316550248719610e+00	-3.862782718654492e-02
1.088000000000000e-07	-6.113709346458172e-01	-1.049591539291653e+00	1.367585981550602e-02
1.090000000000000e-07	-3.246156408899448e-01	-7.474741531017607e-01	6.036232355390858e-02
1.092000000000000e-07	-2.730944931534426e-02	-4.211995595179366e-01	9.038911956402125e-02
1.094000000000000e-07	2.673890832821905e-01	-8.309086920388434e-02	9.728496313920246e-02
1.096000000000000e-07	5.453482585572770e-01	2.535060396629264e-01	8.032415517763708e-02
1.098000000000000e-07	7.926788473109510e-01	5.747842491967400e-01	4.456874501075924e-02
1.100000000000000e-07	9.970926511136505e-01	8.670561179583550e-01	-6.141596801553636e-04
1.102000000000000e-07	1.149407330459712e+00	1.117737421323861e+00	-4.384413573904704e-02
1.104000000000000e-07	1.244582279780963e+00	1.316348583153117e+00	-7.477887675514582e-02
1.106000000000000e-07	1.281688464812614e+00	1.455135156419862e+00	-8.634746454947681e-02
1.108000000000000e-07	1.263267538728809e+00	1.529780333493022e+00	-7.654820223608258e-02
1.110000000000000e-07	1.194474337775183e+00	1.539318641827316e+00	-4.848200279865072e-02
1.112000000000000e-07	1.082162915116132e+00	1.486083833840089e+00	-9.650986453066406e-03
1.114000000000000e-07	9.338617012383040e-01	1.375054725465259e+00	3.023934195693949e-02
1.116000000000000e-07	7.577892357743747e-01	1.213765793636125e+00	6.133186917275762e-02
1.118000000000000e-07	5.625858001079571e-01	1.011833921376002e+00	7.641634523171960e-02
1.120000000000000e-07	3.553993492800259e-01	7.780444792679568e-01	7.248923633710813e-02
1.122000000000000e-07	1.429359158364493e-01	5.214081282586142e-01	5.103466958240438e-02
1.124000000000000e-07	-6.707589036485533e-02	2.529228563433604e-01	1.781231898373923e-02
1.126000000000000e-07	-2.684670856424766e-01	-1.801301961245029e-02	-1.867302584874580e-02
1.128000000000000e-07	-4.553206105822465e-01	-2.820715059762223e-01	-4.946113270319880e-02
1.130000000000000e-07	-6.220911793451366e-01	-5.302387343044834e-01	-6.719437877975622e-02
1.132000000000000e-07	-7.635534544974165e-01	-7.539112969183520e-01	-6.809757229213800e-02
1.134000000000000e-07	-8.746825421108771e-01	-9.447117329495588e-01	-5.242694227629106e-02
1.136000000000000e-07	-9.513406251245061e-01	-1.095657201111105e+00	-2.433140621728510e-02
1.138000000000000e-07	-9.899786123990151e-01	-1.200524317573460e+00	8.891841649776565e-03
1.140000000000000e-07	-9.884170940692588e-01	-1.255058948257431e+00	3.894460090360845e-02
1.142000000000000e-07	-9.461373333760376e-01	-1.257254912680346e+00	5.865905496439808e-02
1.144000000000000e-07	-8.645389990436680e-01	-1.207613642852542e+00	6.352485465484128e-02
1.146000000000000e-07	-7.470807062309017e-01	-1.109194837419104e+00	5.277614155133138e-02
1.148000000000000e-07	-5.992161759502659e-01	-9.674320323743986e-01	2.937280220098319e-02
1.150000000000000e-07	-4.284342317399097e-01	-7.900085130135727e-01	-5.484308202456629e-04
1.152000000000000e-07	-2.434259259924977e-01	-5.859319908731259e-01	-2.956946095267231e-02
1.154000000000000e-07	-5.369535435648182e-02	-3.651529760345180e-01	-5.054386009763234e-02
1.156000000000000e-07	1.316563949159370e-01	-1.374469170863060e-01	-5.868401062216284e-02
1.158000000000000e-07	3.041447931313584e-01	8.768453509207030e-02	-5.224865848743527e-02
1.160000000000000e-07	4.567626864347885e-01	3.016490168757093e-01	-3.323362614335231e-02
1.162000000000000e-07	5.842634650020444e-01	4.970427537992023e-01	-6.565582470154441e-03
1.164000000000000e-07	6.832061561819340e-01	6.676917887588351e-01	2.105484058460202e-02
1.166000000000000e-07	7.517132213601690e-01	8.085259414325773e-01	4.285820379803349e-02
1.168000000000000e-07	7.892441807649923e-01	9.156351807457191e-01	5.368531757714673e-02
1.170000000000000e-07	7.962031667107364e-01	9.860363282364926e-01	5.113912957325179e-02
1.172000000000000e-07	7.737322871561965e-01	1.017766005360008e+00	3.612188442244866e-02
1.174000000000000e-07	7.234913306480074e-01	1.009971900888343e+00	1.262774650591486e-02
1.176000000000000e-07	6.476960291610389e-01	9.630694586013511e-01	-1.341444933583182e-02
1.178000000000000e-07	5.490375222572474e-01	8.787676436337134e-01	-3.558820303427864e-02
1.180000000000000e-07	4.311925323501932e-01	7.606440175262641e-01	-4.860522753171986e-02
1.182000000000000e-07	2.987465427626337e-01	6.139677084969783e-01	-4.939293856566639e-02
1.184000000000000e-07	1.562990797168110e-01	4.444470654560631e-01	-3.808241062082836e-02
1.186000000000000e-07	1.025296770848446e-02	2.603664679943313e-01	-1.770375058769017e-02
1.188000000000000e-07	-1.331608793271701e-01	7.001765421045326e-02	6.563051105128924e-03
1.190000000000000e-07	-2.677240378256354e-01	-1.181002666017540e-01	2.874446912865547e-02
1.192000000000000e-07	-3.875900109153201e-01	-2.956740324887518e-01	4.341912458014846e-02
1.194000000000000e-07	-4.878244116162391e-01	-4.552440718091840e-01	4.712800420804598e-02
1.196000000000000e-07	-5.651221023631612e-01	-5.913080143636060e-01	3.924971145159607e-02
1.198000000000000e-07	-6.170631567301212e-01	-6.990740746182343e-01	2.190208756363404e-02
1.200000000000000e-07	-6.427925736059111e-01	-7.756986910055558e-01	-4.577644920671308e-04
1.202000000000000e-07	-6.426551024534271e-01	-8.198453466550697e-01	-2.226202018717603e-02
1.204000000000000e-07	-6.178862381248517e-01	-8.313959829981835e-01	-3.818079227486908e-02
1.206000000000000e-07	-5.705480530321807e-01	-8.113925427681339e-01	-4.443668445389813e-02
1.208000000000000e-07	-5.032008171737431e-01	-7.617273208694123e-01	-3.974620623800657e-02
1.210000000000000e-07	-4.184403920883104e-01	-6.846983478587093e-01	-2.532166169562505e-02
1.212000000000000e-07	-3.196065877246542e-01	-5.836245064447895e-01	-4.997614544270518e-03
1.214000000000000e-07	-2.102094997812158e-01	-4.623078358492960e-01	1.617348917020201e-02
1.216000000000000e-07	-9.415709942204244e-02	-3.252206003363356e-01	3.295275386298687e-02
1.218000000000000e-07	2.425024145106924e-02	-1.774646782747697e-01	4.139384796766387e-02
1.220000000000000e-07	1.402547622420634e-01	-2.487280770501057e-02	3.951701350928092e-02
1.222000000000000e-07	2.489741074314588e-01	1.263947617045995e-01	2.798970759552350e-02
1.224000000000000e-07	3.455776770118433e-01	2.699460579791370e-01	9.788007180425077e-03
1.226000000000000e-07	4.257041019938519e-01	3.996301837501651e-01	-1.050280697582121e-02
1.228000000000000e-07	4.858176728506095e-01	5.098820643216613e-01	-2.786401367658681e-02
1.230000000000000e-07	5.235287972307213e-01	5.961479415820818e-01	-3.805497661904281e-02
1.232000000000000e-07	5.378294569490835e-01	6.552843881748555e-01	-3.875862674954107e-02
1.234000000000000e-07	5.290245811116496e-01	6.856220511964579e-01	-2.993844955356133e-02
1.236000000000000e-07	4.986892691939636e-01	6.870284073449754e-01	-1.393170808219068e-02
1.238000000000000e-07	4.493655386865114e-01	6.607698115475316e-01	5.253467668662216e-03
1.240000000000000e-07	3.843460231270407e-01	6.093336708871006e-01	2.281518129606689e-02
1.242000000000000e-07	3.072899005801833e-01	5.360830365335001e-01	3.446131739198785e-02
1.244000000000000e-07	2.219452849482627e-01	4.449570688912929e-01	3.748640819721832e-02
1.246000000000000e-07	1.318382833740664e-01	3.400800819140367e-01	3.131601532293320e-02
1.248000000000000e-07	4.008450585436193e-02	2.254726808757717e-01	1.750871271034631e-02
1.250000000000000e-07	-5.018819024065555e-02	1.055580947132606e-01	-3.821731083735583e-04
1.252000000000000e-07	-1.363048749027389e-01	-1.553784294494818e-02	-1.789197516548708e-02
1.254000000000000e-07	-2.157440741917067e-01	-1.336529871344660e-01	-3.070683931714936e-02
1.256000000000000e-07	-2.859754303037080e-01	-2.444877686923413e-01	-3.577688563273791e-02
1.258000000000000e-07	-3.448674167057399e-01	-3.443540679113268e-01	-3.202309068987321e-02
1.260000000000000e-07	-3.902433442246086e-01	-4.294838238959867e-01	-2.047076333143854e-02
1.262000000000000e-07	-4.200904488791310e-01	-4.963132118062793e-01	-4.035950912691790e-03
1.264000000000000e-07	-4.328968549464923e-01	-5.420260349673456e-01	1.312694707926305e-02
1.266000000000000e-07	-4.278369534076384e-01	-5.647105726925455e-01	2.680401696798323e-02
1.268000000000000e-07	-4.048970668779648e-01	-5.635190080517591e-01	3.367559226258891e-02
1.270000000000000e-07	-3.650829850039206e-01	-5.388698609136929e-01	3.219666356725393e-02
1.272000000000000e-07	-3.103620244105757e-01	-4.923959864387073e-01	2.285733524047341e-02
1.274000000000000e-07	-2.434963147936154e-01	-4.267560982648226e-01	7.996567665591595e-03
1.276000000000000e-07	-1.680595952845084e-01	-3.456414256780790e-01	-8.620249884481840e-03
1.278000000000000e-07	-8.799503507051568e-02	-2.533224700592800e-01	-2.284589742996030e-02
1.280000000000000e-07	-7.211106586333718e-03	-1.542415096134625e-01	-3.126538290484587e-02
1.282000000000000e-07	7.064027689736305e-02	-5.277256839349719e-02	-3.187200598717489e-02
1.284000000000000e-07	1.424363866011419e-01	4.703281188816091e-02	-2.463392018397620e-02
1.286000000000000e-07	2.056065699959881e-01	1.414697126858197e-01	-1.146621809769833e-02
1.288000000000000e-07	2.583761462667900e-01	2.275241100825654e-01	4.342090429284723e-03
1.290000000000000e-07	2.995154979305556e-01	3.026339385675874e-01	1.888499726724088e-02
1.292000000000000e-07	3.283021356712434e-01	3.646474631005733e-01	2.858081116344559e-02
1.294000000000000e-07	3.443430790121261e-01	4.117594264773974e-01	3.111137126906130e-02
1.296000000000000e-07	3.475400217449095e-01	4.427361938383320e-01	2.598053005857401e-02
1.298000000000000e-07	3.379761621800126e-01	4.564641525021403e-01	1.453955067326616e-02
1.300000000000000e-07	3.160119271310391e-01	4.524167797283154e-01	-3.403840404080754e-04
1.302000000000000e-07	2.822615997351231e-01	4.305618991604542e-01	-1.494668761908640e-02
1.304000000000000e-07	2.379041591973499e-01	3.917323111631235e-01	-2.568770944893706e-02
1.306000000000000e-07	1.846615524596486e-01	3.376130590580812e-01	-2.991592590786020e-02
1.308000000000000e-07	1.243916896277807e-01	2.702584922505012e-01	-2.680348767571138e-02
1.310000000000000e-07	5.986969198739715e-02	1.929652327398665e-01	-1.715159616865046e-02
1.312000000000000e-07	-6.024539500980049e-03	1.093121075891488e-01	-3.371930106008678e-03
1.314000000000000e-07	-7.016324797390729e-02	2.334049531577842e-02	1.105536821216376e-02
1.316000000000000e-07	-1.295766330653500e-01	-6.097548143748040e-02	2.256965188250860e-02
1.318000000000000e-07	-1.816194791295485e-01	-1.398638496421660e-01	2.838389603331614e-02
1.320000000000000e-07	-2.241911101882549e-01	-2.100809967520939e-01	2.716233678263409e-02
1.322000000000000e-07	-2.559936277612321e-01	-2.692972761128137e-01	1.925297743315266e-02
1.324000000000000e-07	-2.762558711242780e-01	-3.156416539070542e-01	6.728636507834000e-03
1.326000000000000e-07	-2.849323729678269e-01	-3.481277395014902e-01	-7.296390556188899e-03
1.328000000000000e-07	-2.824474255820799e-01	-3.663518525071711e-01	-1.936396850075785e-02
1.330000000000000e-07	-2.696047726270933e-01	-3.704299916747393e-01	-2.652140423715071e-02
1.332000000000000e-07	-2.473960077756516e-01	-3.608312255628401e-01	-2.706488491204291e-02
1.334000000000000e-07	-2.169321326952364e-01	-3.383042196230852e-01	-2.094386610279878e-02
1.336000000000000e-07	-1.793541230701470e-01	-3.038190055830882e-01	-9.762633602780358e-03
1.338000000000000e-07	-1.358818928498993e-01	-2.585955195478718e-01	3.716409534438746e-03
1.340000000000000e-07	-8.787062306278202e-02	-2.041680366096056e-01	1.611993526909779e-02
1.342000000000000e-07	-3.690114384478745e-02	-1.424559883237261e-01	2.440131747771187e-02
1.344000000000000e-07	1.523352159880672e-02	-7.574019085504462e-02	2.659013891690648e-02
1.346000000000000e-07	6.644836125190151e-02	-6.726396284856982e-03	2.223471453421634e-02
1.348000000000000e-07	1.145626678088112e-01	6.168305541725393e-02	1.246165161700685e-02
1.350000000000000e-07	1.573375401710575e-01	1.264395302397469e-01	-2.895882941392312e-04
1.352000000000000e-07	1.926893269336884e-01	1.845580985895795e-01	-1.281088624871995e-02
1.354000000000000e-07	2.189128755093701e-01	2.334115199760538e-01	-2.201025324247673e-02
1.356000000000000e-07	2.349233036159862e-01	2.710237681416627e-01	-2.572671408095388e-02
1.358000000000000e-07	2.402141697750202e-01	2.960014909975809e-01	-2.305942695578594e-02
1.360000000000000e-07	2.350177588300043e-01	3.077960141472710e-01	-1.474355333931986e-02
1.362000000000000e-07	2.201586572807687e-01	3.065859752236496e-01	-2.884870305833894e-03
1.364000000000000e-07	1.969622836655926e-01	2.932089308736278e-01	9.568340553096447e-03
1.366000000000000e-07	1.670570638650007e-01	2.689809536053016e-01	1.951389879042080e-02
1.368000000000000e-07	1.322484273471710e-01	2.355948126672260e-01	2.453296237895342e-02
1.370000000000000e-07	9.411207989392387e-02	1.946874427400754e-01	2.349486760062067e-02
1.372000000000000e-07	5.415403353120463e-02	1.479942565976543e-01	1.669698195590022e-02
1.374000000000000e-07	1.374592033013852e-02	9.728620295314902e-02	5.842821394190788e-03
1.376000000000000e-07	-2.594424657631050e-02	4.425734140316288e-02	-6.330607677653534e-03
1.378000000000000e-07	-6.390588989990496e-02	-9.463796425391280e-03	-1.681421544015578e-02
1.380000000000000e-07	-9.907415376922024e-02	-6.209017069812075e-02	-2.303314561537528e-02
1.382000000000000e-07	-1.303512095907924e-01	-1.117408545897920e-01	-2.353568428086300e-02
1.384000000000000e-07	-1.567118215167004e-01	-1.567035864940711e-01	-1.824350670806600e-02
1.386000000000000e-07	-1.770106921338890e-01	-1.950702211789350e-01	-8.512635581797956e-03
1.388000000000000e-07	-1.902009640056708e-01	-2.251105196656084e-01	3.234619850227514e-03
1.390000000000000e-07	-1.954698899766880e-01	-2.453898134684353e-01	1.404144636354699e-02
1.392000000000000e-07	-1.923573608465208e-01	-2.549375138690950e-01	2.128708513453550e-02
1.394000000000000e-07	-1.809036720472357e-01	-2.533831724356811e-01	2.321770353321214e-02
1.396000000000000e-07	-1.616632860000185e-01	-2.409891780022835e-01	1.942739809077931e-02
1.398000000000000e-07	-1.357251738236370e-01	-2.186709288695868e-01	1.089297346640058e-02
1.400000000000000e-07	-1.045669901490630e-01	-1.878526687279513e-01	-2.616620373652589e-04
1.402000000000000e-07	-7.003017864485778e-02	-1.504394373655293e-01	-1.122993183107017e-02
1.404000000000000e-07	-3.399887631987993e-02	-1.084941389715991e-01	-1.929087786627956e-02
1.406000000000000e-07	1.765331898711135e-03	-6.405759241835772e-02	-2.255761744807851e-02
1.408000000000000e-07	3.569720074302159e-02	-1.908916464838666e-02	-2.023467067620810e-02
1.410000000000000e-07	6.657161164844064e-02	2.472963202959524e-02	-1.293760668179241e-02
1.412000000000000e-07	9.350938075722329e-02	6.596555281520990e-02	-2.536139633622910e-03
1.414000000000000e-07	1.159345848655664e-01	1.034618055639095e-01	8.389731886975877e-03
1.416000000000000e-07	1.335141081353089e-01	1.362775248741269e-01	1.715634840545890e-02
1.418000000000000e-07	1.460013759274339e-01	1.635423914006090e-01	2.159781388757993e-02
1.420000000000000e-07	1.532233792675469e-01	1.844934012214429e-01	2.069883191792115e-02
1.422000000000000e-07	1.550049934622044e-01	1.984541071284898e-01	1.469326434952131e-02
1.424000000000000e-07	1.512189478385340e-01	2.048248297595074e-01	5.140482088513739e-03
1.426000000000000e-07	1.417737245779288e-01	2.031451751465579e-01	-5.597426874190355e-03
1.428000000000000e-07	1.268031648355223e-01	1.932900736460694e-01	-1.484099894810573e-02
1.430000000000000e-07	1.066663044989348e-01	1.754780262484202e-01	-2.035513380773985e-02
1.432000000000000e-07	8.210378360517324e-02	1.504289553623528e-01	-2.080848232564161e-02
1.434000000000000e-07	5.416954782901170e-02	1.192961831362099e-01	-1.615356306308044e-02
1.436000000000000e-07	2.418264474023207e-02	8.359785458347273e-02	-7.527024220921108e-03
1.438000000000000e-07	-6.279426180002937e-03	4.522394296909837e-02	2.852669103843602e-03
1.440000000000000e-07	-3.561659839402441e-02	6.154688141259477e-03	1.244187814083069e-02
1.442000000000000e-07	-6.236861538206346e-02	-3.171223759395617e-02	1.886842899035769e-02
1.444000000000000e-07	-8.527624146332148e-02	-6.662572380664801e-02	2.059729290521590e-02
1.446000000000000e-07	-1.034795675041962e-01	-9.721897226471135e-02	1.725493448912508e-02
1.448000000000000e-07	-1.165216672994348e-01	-1.225756218731129e-01	9.661828957428549e-03
1.450000000000000e-07	-1.242989144764772e-01	-1.420916732210614e-01	-2.353509220005954e-04
1.452000000000000e-07	-1.269962719874055e-01	-1.555193115948023e-01	-9.973849288873753e-03
1.454000000000000e-07	-1.250131248398390e-01	-1.628729881068036e-01	-1.718013962709763e-02
1.456000000000000e-07	-1.187980328411963e-01	-1.642791381752506e-01	-2.009017898028864e-02
1.458000000000000e-07	-1.088243349900311e-01	-1.599594747505751e-01	-1.803791429791132e-02
1.460000000000000e-07	-9.547013237675686e-02	-1.501285187230914e-01	-1.154369227485200e-02
1.462000000000000e-07	-7.911378700072901e-02	-1.350796808252654e-01	-2.272335668769734e-03
1.464000000000000e-07	-6.010329148082166e-02	-1.151663387557087e-01	7.480894672717927e-03
1.466000000000000e-07	-3.889238673309955e-02	-9.092971205877053e-02	1.530150667521109e-02
1.468000000000000e-07	-1.605861351955593e-02	-6.311394179917267e-02	1.929444004697813e-02
1.470000000000000e-07	7.576405458719185e-03	-3.278090207577296e-02	1.848062410805404e-02
1.472000000000000e-07	3.102849801340347e-02	-1.214012008103829e-03	1.314195786232718e-02
1.474000000000000e-07	5.315779395130812e-02	3.010540341260860e-02	4.598856295706850e-03
1.476000000000000e-07	7.280171514994006e-02	5.963296852309858e-02	-4.994234061291862e-03
1.478000000000000e-07	8.885848907854181e-02	8.586638047637452e-02	-1.328808836180890e-02
1.480000000000000e-07	1.004874631180532e-01	1.075585554191002e-01	-1.824076131428903e-02
1.482000000000000e-07	1.071289188536280e-01	1.237415310884758e-01	-1.865580415336221e-02
1.484000000000000e-07	1.086627832819772e-01	1.339310232215671e-01	-1.446086625128486e-02
1.486000000000000e-07	1.053140325896443e-01	1.380237087764346e-01	-6.752716615991625e-03
1.488000000000000e-07	9.765982081162054e-02	1.363257081944041e-01	2.564606039033616e-03
1.490000000000000e-07	8.645024466524366e-02	1.293841015909976e-01	1.116873411548480e-02
1.492000000000000e-07	7.257548466927571e-02	1.179610711734084e-01	1.697002529623852e-02
1.494000000000000e-07	5.688065783685761e-02	1.028502471261754e-01	1.850383013933712e-02
1.496000000000000e-07	4.004235495565264e-02	8.475335105445786e-02	1.549571528423396e-02
1.498000000000000e-07	2.265806465415444e-02	6.436914361174340e-02	8.668332682726982e-03
1.500000000000000e-07	5.168822786346282e-03	4.230655922050738e-02	-2.235575065711570e-04
1.502000000000000e-07	-1.210099070245346e-02	1.911497709605283e-02	-9.007370352897677e-03
1.504000000000000e-07	-2.880396857955547e-02	-4.583850902041079e-03	-1.548073105219257e-02
1.506000000000000e-07	-4.457047466366226e-02	-2.811542538411188e-02	-1.810582916164689e-02
1.508000000000000e-07	-5.888353488964170e-02	-5.062853255533276e-02	-1.624480646821700e-02
1.510000000000000e-07	-7.115988244495042e-02	-7.120303812961300e-02	-1.042683867309585e-02
1.512000000000000e-07	-8.074360474727517e-02	-8.886211695340926e-02	-2.043723997112747e-03
1.514000000000000e-07	-8.700172527364902e-02	-1.026568299607758e-01	6.760430356242218e-03
1.516000000000000e-07	-8.940953968666542e-02	-1.117833388516333e-01	1.383442443982306e-02
1.518000000000000e-07	-8.770778995517030e-02	-1.157478701776632e-01	1.742928387509182e-02
1.520000000000000e-07	-8.190318642110674e-02	-1.143681813132446e-01	1.671059830713975e-02
1.522000000000000e-07	-7.236821344588218e-02	-1.078805906512569e-01	1.186016733733070e-02
1.524000000000000e-07	-5.974424150555425e-02	-9.684569680280523e-02	4.148442861343538e-03
1.526000000000000e-07	-4.490804931934592e-02	-8.211589854923794e-02	-4.555458959442526e-03
1.528000000000000e-07	-2.882818706356147e-02	-6.469152117468156e-02	-1.205600942727988e-02
1.530000000000000e-07	-1.249111117363275e-02	-4.564580167010163e-02	-1.652472615497796e-02
1.532000000000000e-07	3.317948613648100e-03	-2.589536767313119e-02	-1.689164505113953e-02
1.534000000000000e-07	1.793601700960909e-02	-6.288188110126287e-03	-1.311694854662920e-02
1.536000000000000e-07	3.098265260037824e-02	1.258133595513324e-02	-6.114091703444606e-03
1.538000000000000e-07	4.223122603672900e-02	3.023725877913031e-02	2.324231046872962e-03
1.540000000000000e-07	5.162638464055284e-02	4.636587063640922e-02	1.015314449033094e-02
1.542000000000000e-07	5.912551149855967e-02	6.064234720927211e-02	1.540568971293770e-02
1.544000000000000e-07	6.469321352875550e-02	7.274545929536397e-02	1.681067308013963e-02
1.546000000000000e-07	6.821485066590406e-02	8.234455476577872e-02	1.406462493815407e-02
1.548000000000000e-07	6.950221480857452e-02	8.899573226344018e-02	7.903965451849650e-03
1.550000000000000e-07	6.831551951933702e-02	9.226907411804823e-02	-2.012019448154146e-04
1.552000000000000e-07	6.446824312869547e-02	9.182013914352602e-02	-8.166525793797862e-03
1.554000000000000e-07	5.785982923684607e-02	8.744058422085843e-02	-1.407989907384308e-02
1.556000000000000e-07	4.860972478897717e-02	7.918956833855968e-02	-1.647023826450580e-02
1.558000000000000e-07	3.705595217951924e-02	6.739734499527480e-02	-1.480791000292591e-02
1.560000000000000e-07	2.376439842235532e-02	5.267181812087505e-02	-9.483574375050149e-03
1.562000000000000e-07	9.495342899008061e-03	3.586204011432006e-02	-1.863610417822909e-03
1.564000000000000e-07	-4.849918517527463e-03	1.800315651297905e-02	6.180770177181751e-03
1.566000000000000e-07	-1.840646477602814e-02	1.280691913457230e-04	1.260508155394282e-02
1.568000000000000e-07	-3.041139816386789e-02	-1.681077188063546e-02	1.589502502442358e-02
1.570000000000000e-07	-4.032202319065784e-02	-3.205966744040237e-02	1.523083656860637e-02
1.572000000000000e-07	-4.780333657505920e-02	-4.505568828258086e-02	1.086603879868657e-02
1.574000000000000e-07	-5.281134774040643e-02	-5.554901915901943e-02	3.801913319202666e-03
1.576000000000000e-07	-5.546088297623405e-02	-6.343399156328029e-02	-4.128632155251363e-03
1.578000000000000e-07	-5.602733912697810e-02	-6.878951794294659e-02	-1.100574988099714e-02
1.580000000000000e-07	-5.478873578360338e-02	-7.171719612252234e-02	-1.509551472739498e-02
1.582000000000000e-07	-5.201055890333724e-02	-7.233600624504508e-02	-1.544760690919937e-02
1.584000000000000e-07	-4.783563143614124e-02	-7.067475603457896e-02	-1.196251182151945e-02
1.586000000000000e-07	-4.234487517996066e-02	-6.673856740855301e-02	-5.586901230235127e-03
1.588000000000000e-07	-3.552354834765512e-02	-6.047522818120847e-02	2.163228136552186e-03
1.590000000000000e-07	-2.739396438545797e-02	-5.191238288822732e-02	9.296508210102344e-03
1.592000000000000e-07	-1.802131018339788e-02	-4.115724047354450e-02	1.409598167561397e-02
1.594000000000000e-07	-7.628943293991173e-03	-2.850886490553822e-02	1.539207422181284e-02
1.596000000000000e-07	3.408810224484192e-03	-1.445203203409511e-02	1.290163724875134e-02
1.598000000000000e-07	1.452124847988412e-02	3.036487553167868e-04	7.222581740289141e-03
1.600000000000000e-07	2.506914785320431e-02	1.496433647913014e-02	-1.835947156116206e-04
1.602000000000000e-07	3.434216986187635e-02	2.864459287032378e-02	-7.514152553014404e-03
1.604000000000000e-07	4.173710557260362e-02	4.056126998397930e-02	-1.290280830280581e-02
1.606000000000000e-07	4.679897916617982e-02	5.008295912597489e-02	-1.512253924284575e-02
1.608000000000000e-07	4.930973311159811e-02	5.681466179341769e-02	-1.356699406137911e-02
1.610000000000000e-07	4.928063401312712e-02	6.060431305776152e-02	-8.699833882281299e-03
1.612000000000000e-07	4.698441007095541e-02	6.158585021668609e-02	-1.688507283305152e-03
1.614000000000000e-07	4.281934373129843e-02	6.003944078921172e-02	5.677567058155326e-03
1.616000000000000e-07	3.730458736863911e-02	5.639683224524044e-02	1.161060079911386e-02
1.618000000000000e-07	3.091407353230958e-02	5.107562756801898e-02	1.460537512341314e-02
1.620000000000000e-07	2.403439867957479e-02	4.444271760996050e-02	1.402662511744422e-02
1.622000000000000e-07	1.690498374178253e-02	3.674643438256482e-02	9.970967453675594e-03
1.624000000000000e-07	9.685013601005392e-03	2.819029523971938e-02	3.497647099452718e-03
1.626000000000000e-07	2.392209583518982e-03	1.886370475619160e-02	-3.819386772638971e-03
1.628000000000000e-07	-4.951460022808426e-03	8.888492361921315e-03	-1.012337607201540e-02
1.630000000000000e-07	-1.231770876167182e-02	-1.588299282861928e-03	-1.390772877122382e-02
1.632000000000000e-07	-1.954030111436673e-02	-1.226084324447346e-02	-1.421609752354104e-02
1.634000000000000e-07	-2.636415423068697e-02	-2.272860697029878e-02	-1.106282400303062e-02
1.636000000000000e-07	-3.240913372774983e-02	-3.246668465462732e-02	-5.152131351670525e-03
1.638000000000000e-07	-3.723231031746963e-02	-4.088165299632125e-02	1.953322707744818e-03
1.640000000000000e-07	-4.038607797815175e-02	-4.738711401898252e-02	8.562569170282638e-03
1.642000000000000e-07	-4.154863016843544e-02	-5.153877502572413e-02	1.299103374879224e-02
1.644000000000000e-07	-4.053353713933933e-02	-5.304191820214405e-02	1.421023795793782e-02
1.646000000000000e-07	-3.740577033683455e-02	-5.187929902131430e-02	1.188461910320818e-02
1.648000000000000e-07	-3.241200397888602e-02	-4.823387953512433e-02	6.668992401254478e-03
1.650000000000000e-07	-2.601388214263869e-02	-4.253313490145166e-02	-1.896440716732584e-04
1.652000000000000e-07	-1.874431025328982e-02	-3.529732638853521e-02	-6.934357792215139e-03
1.654000000000000e-07	-1.119614269699057e-02	-2.713660736666560e-02	-1.194889145948067e-02
1.656000000000000e-07	-3.847827567660636e-03	-1.856588089550109e-02	-1.394930889435721e-02
1.658000000000000e-07	2.930396178647187e-03	-1.001802283740034e-02	-1.254160714217271e-02
1.660000000000000e-07	8.945656381980697e-03	-1.769395484151357e-03	-8.040497290123075e-03
1.662000000000000e-07	1.413998795145383e-02	6.026206845882509e-03	-1.591515404428765e-03
1.664000000000000e-07	1.859351961766969e-02	1.333756112420055e-02	5.237964754375779e-03
1.666000000000000e-07	2.239626275145541e-02	2.013566327824673e-02	1.070317403631164e-02
1.668000000000000e-07	2.564026372812706e-02	2.639054716511272e-02	1.352815059708929e-02
1.670000000000000e-07	2.830074810690111e-02	3.195231985234354e-02	1.296572123796848e-02
1.672000000000000e-07	3.029218625260471e-02	3.663476937222691e-02	9.227185503589631e-03
1.674000000000000e-07	3.138298681010845e-02	4.009563513309976e-02	3.212116860193946e-03
1.676000000000000e-07	3.134086911864417e-02	4.202015151263048e-02	-3.525526931957651e-03
1.678000000000000e-07	2.992135519840513e-02	4.209451429921836e-02	-9.389752460434010e-03
1.680000000000000e-07	2.700657214725388e-02	4.015549496741119e-02	-1.287178937069916e-02
1.682000000000000e-07	2.259527999208259e-02	3.617444788330008e-02	-1.318718632473370e-02
1.684000000000000e-07	1.690260878881190e-02	3.036612842583146e-02	-1.020849974030643e-02
1.686000000000000e-07	1.029297100309355e-02	2.311263218415674e-02	-4.776305321912358e-03
1.688000000000000e-07	3.266649343315688e-03	1.495561669744701e-02	1.844519185289980e-03
1.690000000000000e-07	-3.650897941365251e-03	6.475977332164375e-03	7.942092713133229e-03
1.692000000000000e-07	-9.935305158332611e-03	-1.725812613684290e-03	1.207651443861501e-02
1.694000000000000e-07	-1.521338478891998e-02	-9.193983635064676e-03	1.317409109870942e-02
1.696000000000000e-07	-1.924786022815720e-02	-1.559894395500875e-02	1.105069188032444e-02
1.698000000000000e-07	-2.200588130093477e-02	-2.081160224462685e-02	6.173341767350132e-03
1.700000000000000e-07	-2.358279264007514e-02	-2.482612820072177e-02	-1.551910910864187e-04
1.702000000000000e-07	-2.420620136100702e-02	-2.777831469843496e-02	-6.443606521128376e-03
1.704000000000000e-07	-2.410009257276480e-02	-2.980159236052821e-02	-1.107700959174535e-02
1.706000000000000e-07	-2.348226213898643e-02	-3.103697405021940e-02	-1.298865125905222e-02
1.708000000000000e-07	-2.244573574585855e-02	-3.150847700826372e-02	-1.164935423449906e-02
1.710000000000000e-07	-2.100715878343339e-02	-3.118422841980838e-02	-7.480866586946069e-03
1.712000000000000e-07	-1.905494855300181e-02	-2.991599636083825e-02	-1.459089806364468e-03
1.714000000000000e-07	-1.646442529565932e-02	-2.756540089215124e-02	4.858392451644425e-03
1.716000000000000e-07	-1.309111174917805e-02	-2.398717244025654e-02	9.981399937226066e-03
1.718000000000000e-07	-8.910485713342355e-03	-1.918002970227334e-02	1.257101086090656e-02
1.720000000000000e-07	-3.993752744278795e-03	-1.324898986300657e-02	1.208383765388622e-02
1.722000000000000e-07	1.422464328388261e-03	-6.480738671685149e-03	8.574574538646511e-03
1.724000000000000e-07	6.981784883498771e-03	7.067171526102164e-04	3.015020028310460e-03
1.726000000000000e-07	1.223177818542230e-02	7.787932370331803e-03	-3.290273911543768e-03
1.728000000000000e-07	1.675003689240562e-02	1.426707158592905e-02	-8.716248584188699e-03
1.730000000000000e-07	2.015125092962205e-02	1.967670088935972e-02	-1.200696390790205e-02
1.732000000000000e-07	2.221534706661498e-02	2.371796016395482e-02	-1.227027420476623e-02
1.734000000000000e-07	2.287023114902095e-02	2.623986811003836e-02	-9.543662951058650e-03
1.736000000000000e-07	2.224839274307114e-02	2.730748205496798e-02	-4.438103410369158e-03
1.738000000000000e-07	2.058535553329246e-02	2.709159592556658e-02	1.701060998487034e-03
1.740000000000000e-07	1.822686210102812e-02	2.588973437383386e-02	7.429670680718328e-03
1.742000000000000e-07	1.549099404614816e-02	2.397817238890470e-02	1.124576685843519e-02
1.744000000000000e-07	1.265782346940733e-02	2.161550148428330e-02	1.230215573469591e-02
1.746000000000000e-07	9.858754174027592e-03	1.892063709239817e-02	1.028085130237335e-02
1.748000000000000e-07	7.147034626541912e-03	1.595427047860742e-02	5.783101726498783e-03
1.750000000000000e-07	4.436340361424943e-03	1.264588429406672e-02	-1.627619953566627e-04
1.752000000000000e-07	1.620908527783003e-03	8.924566471882493e-03	-6.001843028171016e-03
1.754000000000000e-07	-1.427989206567581e-03	4.702808839268732e-03	-1.037057570790108e-02
1.756000000000000e-07	-4.734205756737973e-03	1.420659724411018e-05	-1.211296298654955e-02
1.758000000000000e-07	-8.247493061741844e-03	-5.034751678772570e-03	-1.090137780828936e-02
1.760000000000000e-07	-1.176206343912345e-02	-1.017029980815751e-02	-6.959670011858364e-03
1.762000000000000e-07	-1.500177641673787e-02	-1.505168233804280e-02	-1.362465503752623e-03
1.764000000000000e-07	-1.761300916536039e-02	-1.925703761147218e-02	4.580609291528898e-03
1.766000000000000e-07	-1.929609931647575e-02	-2.242815840892841e-02	9.315525624042734e-03
1.768000000000000e-07	-1.980944538819374e-02	-2.426572845934973e-02	1.177180521613018e-02
1.770000000000000e-07	-1.908450851855365e-02	-2.465742877490193e-02	1.127224557320004e-02
1.772000000000000e-07	-1.718448579780465e-02	-2.362639680352033e-02	8.040864405568565e-03
1.774000000000000e-07	-1.435159083483033e-02	-2.139013878011825e-02	2.796599239657692e-03
1.776000000000000e-07	-1.090539554174400e-02	-1.824908911816378e-02	-3.074180782699611e-03
1.778000000000000e-07	-7.241899122067354e-03	-1.459769760441055e-02	-8.199780835875924e-03
1.780000000000000e-07	-3.695986095957698e-03	-1.077449134923402e-02	-1.122130275467427e-02
1.782000000000000e-07	-5.317645269393589e-04	-7.063552577758421e-03	-1.150581669956040e-02
1.784000000000000e-07	2.139974567687255e-03	-3.600124844004450e-03	-8.906359371971390e-03
1.786000000000000e-07	4.309672167641403e-03	-4.342242379241639e-04	-4.176922020541865e-03
1.788000000000000e-07	6.103557725382626e-03	2.519948036673861e-03	1.601014908174422e-03
1.790000000000000e-07	7.664337657754707e-03	5.352984415567252e-03	6.921718445114388e-03
1.792000000000000e-07	9.159330800860606e-03	8.182100712463501e-03	1.055431690603616e-02
1.794000000000000e-07	1.065382925953756e-02	1.101331489184244e-02	1.151376189306297e-02
1.796000000000000e-07	1.214252726916141e-02	1.379237582731165e-02	9.673401257617960e-03
1.798000000000000e-07	1.348228532812022e-02	1.632383274335503e-02	5.398134536507060e-03
1.800000000000000e-07	1.447098242470853e-02	1.836236723482721e-02	-1.339089495298472e-04
1.802000000000000e-07	1.484942571508987e-02	1.960796895660522e-02	-5.645008292724198e-03
1.804000000000000e-07	1.442491172680043e-02	1.984201630830567e-02	-9.695782088986287e-03
1.806000000000000e-07	1.306108738995297e-02	1.890455499971699e-02	-1.138007120845452e-02
1.808000000000000e-07	1.078547598245863e-02	1.681566703261038e-02	-1.019964309358778e-02
1.810000000000000e-07	7.739244024585619e-03	1.371256399055210e-02	-6.546486922341940e-03
1.812000000000000e-07	4.223931288395826e-03	9.909252584469197e-03	-1.260093416310485e-03
1.814000000000000e-07	5.740349881445036e-04	5.754521869592894e-03	4.265430815091753e-03
1.816000000000000e-07	-2.835272165679641e-03	1.651925078250384e-03	8.759612347082113e-03
1.818000000000000e-07	-5.719665940945597e-03	-2.085286987654147e-03	1.103090298186422e-02
1.820000000000000e-07	-7.871274332287598e-03	-5.207725510058868e-03	1.061529434101277e-02
1.822000000000000e-07	-9.260335561878864e-03	-7.650666082138730e-03	7.534815083070281e-03
1.824000000000000e-07	-9.950238185018724e-03	-9.430074787486959e-03	2.650633860211435e-03
1.826000000000000e-07	-1.013808965443389e-02	-1.070282881768102e-02	-2.905044484552067e-03
1.828000000000000e-07	-1.002549086230466e-02	-1.162481685629854e-02	-7.670859959415097e-03
1.830000000000000e-07	-9.825090900374693e-03	-1.237239523759133e-02	-1.056542673027340e-02
1.832000000000000e-07	-9.641154498663753e-03	-1.301082123451684e-02	-1.079256090176176e-02
1.834000000000000e-07	-9.506267738527550e-03	-1.354641608503840e-02	-8.402260016921853e-03
1.836000000000000e-07	-9.315082426390564e-03	-1.384719805814923e-02	-3.902955476330204e-03
1.838000000000000e-07	-8.920312011259708e-03	-1.375422485936157e-02	1.493218287941552e-03
1.840000000000000e-07	-8.117185891073408e-03	-1.305213371652445e-02	6.544299019593188e-03
1.842000000000000e-07	-6.770254310905207e-03	-1.161052402581910e-02	9.907727994715313e-03
1.844000000000000e-07	-4.801067986167903e-03	-9.357013339459168e-03	1.085411560439761e-02
1.846000000000000e-07	-2.280943837349245e-03	-6.382293290630095e-03	9.076372079135378e-03
1.848000000000000e-07	6.263079855066989e-04	-2.869553745618739e-03	5.105677279521617e-03
1.850000000000000e-07	3.623948010513355e-03	8.528676799087305e-04	-1.550064031151261e-04
1.852000000000000e-07	6.404360305480437e-03	4.449113008685560e-03	-5.300195401288747e-03
1.854000000000000e-07	8.645984981552279e-03	7.559546826121137e-03	-9.146233765922400e-03
1.856000000000000e-07	1.015097715484285e-02	9.956068473439909e-03	-1.068974829720928e-02
1.858000000000000e-07	1.079705295664508e-02	1.147716988544733e-02	-9.632514529576015e-03
1.860000000000000e-07	1.063806755425035e-02	1.214647610479933e-02	-6.151926958901974e-03
1.862000000000000e-07	9.817828549454306e-03	1.207327622626775e-02	-1.212667591779142e-03
1.864000000000000e-07	8.593773166320451e-03	1.149135962541572e-02	4.050019755511630e-03
1.866000000000000e-07	7.212819597526420e-03	1.062107070136780e-02	8.226364448820482e-03
1.868000000000000e-07	5.905138606147894e-03	9.679608745422449e-03	1.041538473255760e-02
1.870000000000000e-07	4.790672852157995e-03	8.771872590601290e-03	9.972034487040553e-03
1.872000000000000e-07	3.909402578592332e-03	7.936736689998856e-03	7.110051038439404e-03
1.874000000000000e-07	3.161103326662910e-03	7.072205743524456e-03	2.461825048439181e-03
1.876000000000000e-07	2.410054248995450e-03	6.054714766343079e-03	-2.723732297926792e-03
1.878000000000000e-07	1.468511725865785e-03	4.707337455313632e-03	-7.255549747727420e-03
1.880000000000000e-07	2.225116482469819e-04	2.939245383000787e-03	-9.937279887762112e-03
1.882000000000000e-07	-1.392524024175877e-03	7.061841604412714e-04	-1.020637515952260e-02
1.884000000000000e-07	-3.297404241224219e-03	-1.881297509631895e-03	-7.902995933115933e-03
1.886000000000000e-07	-5.337968108379988e-03	-4.643743672707394e-03	-3.706302886139536e-03
1.888000000000000e-07	-7.251853330636079e-03	-7.285329188113234e-03	1.438245687372752e-03
1.890000000000000e-07	-8.785157940511327e-03	-9.526966596557997e-03	6.156624632397249e-03
1.892000000000000e-07	-9.686370097682123e-03	-1.108605083645539e-02	9.375045967966750e-03
1.894000000000000e-07	-9.830630819378116e-03	-1.181775245715610e-02	1.021746418097427e-02
1.896000000000000e-07	-9.182678159682748e-03	-1.166262053061113e-02	8.587146076428562e-03
1.898000000000000e-07	-7.866560991027465e-03	-1.073185121622530e-02	4.795393480419558e-03
1.900000000000000e-07	-6.079719681279050e-03	-9.207259521819233e-03	-1.154958281200445e-04
1.902000000000000e-07	-4.111988964172353e-03	-7.375396727157831e-03	-5.021580150270081e-03
1.904000000000000e-07	-2.217728874105585e-03	-5.484523907101949e-03	-8.612463931201051e-03
1.906000000000000e-07	-6.207166641037333e-04	-3.764821990757688e-03	-1.012433707924596e-02
1.908000000000000e-07	5.782822419771076e-04	-2.320817865565252e-03	-9.077585257930239e-03
1.910000000000000e-07	1.366647436618491e-03	-1.181163579795805e-03	-5.847093771560095e-03
1.912000000000000e-07	1.863549546602080e-03	-2.386550896210717e-04	-1.128990590058003e-03
1.914000000000000e-07	2.223535969227238e-03	6.374925830186125e-04	3.793099650587423e-03
1.916000000000000e-07	2.642144865827484e-03	1.624391360115955e-03	7.805152153675350e-03
1.918000000000000e-07	3.239011398324331e-03	2.814172564040053e-03	9.822739686158191e-03
1.920000000000000e-07	4.081167289453730e-03	4.253098182673522e-03	9.452300769444703e-03
1.922000000000000e-07	5.095616504929279e-03	5.839831953831543e-03	6.705816910557809e-03
1.924000000000000e-07	6.149184688370843e-03	7.422976888145414e-03	2.372604334630053e-03
1.926000000000000e-07	7.018495044789770e-03	8.755581639692082e-03	-2.587238302318246e-03
1.928000000000000e-07	7.497631485561208e-03	9.618831904166529e-03	-6.836590629750607e-03
1.930000000000000e-07	7.396930393045087e-03	9.806356154531662e-03	-9.430412426193715e-03
1.932000000000000e-07	6.650395146482802e-03	9.247487980125828e-03	-9.625927094465836e-03
1.934000000000000e-07	5.282183687627059e-03	7.958183605948096e-03	-7.497629361227370e-03
1.936000000000000e-07	3.463050454719246e-03	6.113282695104306e-03	-3.490429619543820e-03
1.938000000000000e-07	1.406966133639280e-03	3.926794562999420e-03	1.325307353237534e-03
1.940000000000000e-07	-5.936983702361155e-04	1.702866210679458e-03	5.845775925158503e-03
1.942000000000000e-07	-2.302366253447194e-03	-3.147393631805652e-04	8.846458823608109e-03
1.944000000000000e-07	-3.528859033423908e-03	-1.917941742894320e-03	9.704511995113173e-03
1.946000000000000e-07	-4.219606218286956e-03	-3.041106369832771e-03	8.111019142551613e-03
1.948000000000000e-07	-4.405977982829632e-03	-3.693962515435891e-03	4.572022190381941e-03
1.950000000000000e-07	-4.246351078547589e-03	-4.019886473847141e-03	-1.324390760457612e-04
1.952000000000000e-07	-3.920685370895743e-03	-4.175509963809603e-03	-4.731929411783272e-03
1.954000000000000e-07	-3.639740943096250e-03	-4.356456176379563e-03	-8.192924789807028e-03
1.956000000000000e-07	-3.530423936196810e-03	-4.667762384806175e-03	-9.563610159869325e-03
1.958000000000000e-07	-3.661329565471367e-03	-5.166045538139456e-03	-8.623284052115940e-03
1.960000000000000e-07	-3.968688356406480e-03	-5.769671666425027e-03	-5.504554925827849e-03
1.962000000000000e-07	-4.331207048544508e-03	-6.351053110496531e-03	-1.095944151428942e-03
1.964000000000000e-07	-4.548887087454706e-03	-6.699518189093985e-03	3.624357979736754e-03
1.966000000000000e-07	-4.449681204194093e-03	-6.644146931019863e-03	7.375988954297276e-03
1.968000000000000e-07	-3.885910353250903e-03	-6.034327616829538e-03	9.346347955999165e-03
1.970000000000000e-07	-2.830998606659560e-03	-4.851837925043756e-03	8.949204698121610e-03
1.972000000000000e-07	-1.336907728897548e-03	-3.152286391007993e-03	6.394243976921757e-03
1.974000000000000e-07	4.109505508862713e-04	-1.135591156610252e-03	2.216736784593230e-03
1.976000000000000e-07	2.190956513177012e-03	9.680958851292423e-04	-2.433774932317067e-03
1.978000000000000e-07	3.738207368398003e-03	2.876006236083071e-03	-6.518652030253979e-03
1.980000000000000e-07	4.856193457506659e-03	4.380702992857029e-03	-8.926157878971396e-03
1.982000000000000e-07	5.402064652451727e-03	5.319836519398825e-03	-9.170149702756716e-03
1.984000000000000e-07	5.375953152425465e-03	5.682437870154761e-03	-7.096410053886380e-03
1.986000000000000e-07	4.857290391802287e-03	5.529281926104942e-03	-3.331305217570234e-03
1.988000000000000e-07	4.039877347022985e-03	5.044631328701400e-03	1.296180258216687e-03
1.990000000000000e-07	3.125856888044564e-03	4.414400489252323e-03	5.532550706771651e-03
1.992000000000000e-07	2.333818565343530e-03	3.850952150236799e-03	8.434390472252603e-03
1.994000000000000e-07	1.786506816420099e-03	3.465188593311977e-03	9.191320355952774e-03
1.996000000000000e-07	1.544238256145672e-03	3.316190121320123e-03	7.730774049216697e-03
1.998000000000000e-07	1.536936083889200e-03	3.327557982664666e-03	4.314760459668331e-03
2.000000000000000e-07	1.643029507250285e-03	3.382496681891226e-03	-9.884553024938325e-05
2.002000000000000e-07	1.669881143599583e-03	3.288039178683885e-03	-4.525068765891027e-03
2.004000000000000e-07	1.463362600646580e-03	2.900657035491049e-03	-7.763518810234094e-03
2.006000000000000e-07	8.968480415560464e-04	2.098870851795016e-03	-9.123136617348428e-03
2.008000000000000e-07	-3.427073447769157e-05	8.931599385075457e-04	-8.172159383533151e-03
2.010000000000000e-07	-1.264231776783393e-03	-6.424524715233723e-04	-5.257322715018667e-03
2.012000000000000e-07	-2.608740982450111e-03	-2.306472892119177e-03	-9.994867448565776e-04
2.014000000000000e-07	-3.861982227967368e-03	-3.883771057180741e-03	3.430324894501450e-03
2.016000000000000e-07	-4.790150735519716e-03	-5.123794254148739e-03	7.042043096632611e-03
2.018000000000000e-07	-5.244755305657683e-03	-5.870587817892685e-03	8.859197419469701e-03
2.020000000000000e-07	-5.132218757391062e-03	-6.016030504180328e-03	8.535879728086790e-03
2.022000000000000e-07	-4.499866747734643e-03	-5.602657834158117e-03	6.056458614169363e-03
2.024000000000000e-07	-3.464880579437052e-03	-4.736619006634331e-03	2.144432762066704e-03
2.026000000000000e-07	-2.243875708649492e-03	-3.633294270465877e-03	-2.338525144057109e-03
2.028000000000000e-07	-1.047938207878819e-03	-2.496484645079696e-03	-6.171482181536650e-03
2.030000000000000e-07	-8.671696931922877e-05	-1.538579873353327e-03	-8.517119509381638e-03
2.032000000000000e-07	5.326256968521671e-04	-8.637202381867220e-04	-8.694009084152228e-03
2.034000000000000e-07	7.733411814988018e-04	-5.158125737059965e-04	-6.780275150596195e-03
2.036000000000000e-07	7.237084486384890e-04	-4.076281837604285e-04	-3.143856072552408e-03
2.038000000000000e-07	5.182135086098478e-04	-4.158044532901038e-04	1.201624371177583e-03
2.040000000000000e-07	3.516616876023527e-04	-3.503761330625270e-04	5.287376703187162e-03
2.042000000000000e-07	3.720638004164993e-04	-7.741228974367454e-05	7.996592530136485e-03
2.044000000000000e-07	6.931099697328036e-04	5.097882562896355e-04	8.775013054748494e-03
2.046000000000000e-07	1.220531557567379e-03	1.304119283208938e-03	8.015290747754330e-03
2.048000000000000e-07	1.747953145401954e-03	2.098450310128241e-03	7.255568440760167e-03
